Survived,Age,Fare,family,Sex_new,child_first_class,Embarked_C,Embarked_Q,Title_Master,Title_Miss,Title_Mrs,Title_Rare,Pclass_1,Pclass_2
0,22.0,2.1102132003465894,1,0,0,0.0,0.0,0.0,0.0,0.0,0.0,0.0,0.0
1,38.0,4.2805931204649,1,1,0,1.0,0.0,0.0,0.0,1.0,0.0,1.0,0.0
1,26.0,2.1888563276657025,0,1,0,0.0,0.0,0.0,1.0,0.0,0.0,0.0,0.0
1,35.0,3.9908341858524357,1,1,0,0.0,0.0,0.0,0.0,1.0,0.0,1.0,0.0
0,35.0,2.2027647577118348,0,0,0,0.0,0.0,0.0,0.0,0.0,0.0,0.0,0.0
0,29.69911764705882,2.246892662898172,0,0,0,0.0,1.0,0.0,0.0,0.0,0.0,0.0,0.0
0,54.0,3.9676942027986066,0,0,0,0.0,0.0,0.0,0.0,0.0,0.0,1.0,0.0
0,2.0,3.0944457464900235,4,0,0,0.0,0.0,1.0,0.0,0.0,0.0,0.0,0.0
1,27.0,2.495953738718064,2,1,0,0.0,0.0,0.0,0.0,1.0,0.0,0.0,0.0
1,14.0,3.436268471383741,1,1,0,1.0,0.0,0.0,0.0,1.0,0.0,0.0,1.0
1,4.0,2.8735646395797834,2,1,0,0.0,0.0,0.0,1.0,0.0,0.0,0.0,0.0
1,58.0,3.3160025355989236,0,1,0,0.0,0.0,0.0,1.0,0.0,0.0,1.0,0.0
0,20.0,2.2027647577118348,0,0,0,0.0,0.0,0.0,0.0,0.0,0.0,0.0,0.0
0,39.0,3.4742929367327062,6,0,0,0.0,0.0,0.0,0.0,0.0,0.0,0.0,0.0
0,14.0,2.180891922715322,0,1,0,0.0,0.0,0.0,1.0,0.0,0.0,0.0,0.0
1,55.0,2.833213344056216,0,1,0,0.0,0.0,0.0,0.0,1.0,0.0,0.0,1.0
0,2.0,3.405355391810819,5,0,0,0.0,1.0,1.0,0.0,0.0,0.0,0.0,0.0
1,29.69911764705882,2.6390573296152584,0,0,0,0.0,0.0,0.0,0.0,0.0,0.0,0.0,1.0
0,31.0,2.9444389791664403,1,1,0,0.0,0.0,0.0,0.0,1.0,0.0,0.0,0.0
1,29.69911764705882,2.1071782966514356,0,1,0,1.0,0.0,0.0,0.0,1.0,0.0,0.0,0.0
0,35.0,3.295836866004329,0,0,0,0.0,0.0,0.0,0.0,0.0,0.0,0.0,1.0
1,34.0,2.6390573296152584,0,0,0,0.0,0.0,0.0,0.0,0.0,0.0,0.0,1.0
1,15.0,2.2004637699272855,0,1,0,0.0,1.0,0.0,1.0,0.0,0.0,0.0,0.0
1,28.0,3.5973122605884456,0,0,0,0.0,0.0,0.0,0.0,0.0,0.0,1.0,0.0
0,8.0,3.0944457464900235,4,1,0,0.0,0.0,0.0,1.0,0.0,0.0,0.0,0.0
1,38.0,3.4777725458882283,6,1,0,0.0,0.0,0.0,0.0,1.0,0.0,0.0,0.0
0,29.69911764705882,2.1071782966514356,0,0,0,1.0,0.0,0.0,0.0,0.0,0.0,0.0,0.0
0,19.0,5.521485797552746,5,0,0,0.0,0.0,0.0,0.0,0.0,0.0,1.0,0.0
1,29.69911764705882,2.1837114628556327,0,1,0,0.0,1.0,0.0,1.0,0.0,0.0,0.0,0.0
0,29.69911764705882,2.1855792552411137,0,0,0,0.0,0.0,0.0,0.0,0.0,0.0,0.0,0.0
0,40.0,3.357621598945279,0,0,0,1.0,0.0,0.0,0.0,0.0,1.0,1.0,0.0
1,29.69911764705882,4.993969182787072,1,1,0,1.0,0.0,0.0,0.0,1.0,0.0,1.0,0.0
1,29.69911764705882,2.169053700369523,0,1,0,0.0,1.0,0.0,1.0,0.0,0.0,0.0,0.0
0,66.0,2.4423470353692043,0,0,0,0.0,0.0,0.0,0.0,0.0,0.0,0.0,1.0
0,28.0,4.420896324687287,1,0,0,1.0,0.0,0.0,0.0,0.0,0.0,1.0,0.0
0,42.0,3.9702919135521215,1,0,0,0.0,0.0,0.0,0.0,0.0,0.0,1.0,0.0
1,29.69911764705882,2.1076888046179385,0,0,0,1.0,0.0,0.0,0.0,0.0,0.0,0.0,0.0
0,21.0,2.2027647577118348,0,0,0,0.0,0.0,0.0,0.0,0.0,0.0,0.0,0.0
0,18.0,2.9444389791664403,2,1,0,0.0,0.0,0.0,1.0,0.0,0.0,0.0,0.0
1,14.0,2.5048481563289,1,1,0,1.0,0.0,0.0,1.0,0.0,0.0,0.0,0.0
0,40.0,2.348991465808201,1,1,0,0.0,0.0,0.0,0.0,1.0,0.0,0.0,0.0
0,27.0,3.0910424533583156,1,1,0,0.0,0.0,0.0,0.0,1.0,0.0,0.0,1.0
0,29.69911764705882,2.1855792552411137,0,0,0,1.0,0.0,0.0,0.0,0.0,0.0,0.0,0.0
1,3.0,3.7513658711253766,3,1,0,1.0,0.0,0.0,1.0,0.0,0.0,0.0,1.0
1,19.0,2.1837114628556327,0,1,0,0.0,1.0,0.0,1.0,0.0,0.0,0.0,0.0
0,29.69911764705882,2.2027647577118348,0,0,0,0.0,0.0,0.0,0.0,0.0,0.0,0.0,0.0
0,29.69911764705882,2.803360380906535,1,0,0,0.0,1.0,0.0,0.0,0.0,0.0,0.0,0.0
1,29.69911764705882,2.169053700369523,0,1,0,0.0,1.0,0.0,1.0,0.0,0.0,0.0,0.0
0,29.69911764705882,3.1214482048688246,2,0,0,1.0,0.0,0.0,0.0,0.0,0.0,0.0,0.0
0,18.0,2.9338568698359033,1,1,0,0.0,0.0,0.0,0.0,1.0,0.0,0.0,0.0
0,7.0,3.7059209199687877,5,0,0,0.0,0.0,1.0,0.0,0.0,0.0,0.0,0.0
0,21.0,2.1747517214841605,0,0,0,0.0,0.0,0.0,0.0,0.0,0.0,0.0,0.0
1,49.0,4.353230991152628,1,1,0,1.0,0.0,0.0,0.0,1.0,0.0,1.0,0.0
1,29.0,3.295836866004329,1,1,0,0.0,0.0,0.0,0.0,1.0,0.0,0.0,1.0
0,65.0,4.142804513146981,1,0,0,1.0,0.0,0.0,0.0,0.0,0.0,1.0,0.0
1,29.69911764705882,3.5973122605884456,0,0,0,0.0,0.0,0.0,0.0,0.0,0.0,1.0,0.0
1,21.0,2.4423470353692043,0,1,0,0.0,0.0,0.0,1.0,0.0,0.0,0.0,1.0
0,28.5,2.1076888046179385,0,0,0,1.0,0.0,0.0,0.0,0.0,0.0,0.0,0.0
1,5.0,3.3586377672433594,3,1,0,0.0,0.0,0.0,1.0,0.0,0.0,0.0,1.0
0,11.0,3.8691155044168695,7,0,0,0.0,0.0,1.0,0.0,0.0,0.0,0.0,0.0
0,22.0,2.1076888046179385,0,0,0,1.0,0.0,0.0,0.0,0.0,0.0,0.0,0.0
1,38.0,4.394449154672438,0,1,0,0.0,0.0,0.0,1.0,0.0,0.0,1.0,0.0
0,45.0,4.436455632600353,1,0,0,0.0,0.0,0.0,0.0,0.0,0.0,1.0,0.0
0,4.0,3.3638415951183864,5,0,0,0.0,0.0,1.0,0.0,0.0,0.0,0.0,0.0
0,29.69911764705882,3.357621598945279,0,0,0,1.0,0.0,0.0,0.0,0.0,0.0,1.0,0.0
1,29.69911764705882,2.787834413830345,2,0,0,1.0,0.0,1.0,0.0,0.0,0.0,0.0,0.0
1,29.0,2.4423470353692043,0,1,0,0.0,0.0,0.0,0.0,1.0,0.0,0.0,1.0
0,19.0,2.214660571942522,0,0,0,0.0,0.0,0.0,0.0,0.0,0.0,0.0,0.0
1,17.0,2.1888563276657025,6,1,0,0.0,0.0,0.0,1.0,0.0,0.0,0.0,0.0
0,26.0,2.2682524139135403,2,0,0,0.0,0.0,0.0,0.0,0.0,0.0,0.0,0.0
0,32.0,2.4423470353692043,0,0,0,0.0,0.0,0.0,0.0,0.0,0.0,0.0,1.0
0,16.0,3.8691155044168695,7,1,0,0.0,0.0,0.0,1.0,0.0,0.0,0.0,0.0
0,21.0,4.310799125385514,0,0,0,0.0,0.0,0.0,0.0,0.0,0.0,0.0,1.0
0,26.0,2.737880811060884,1,0,0,1.0,0.0,0.0,0.0,0.0,0.0,0.0,0.0
1,32.0,4.051711901657239,0,0,0,0.0,0.0,0.0,0.0,0.0,0.0,0.0,0.0
0,25.0,2.157559320943788,0,0,0,0.0,0.0,0.0,0.0,0.0,0.0,0.0,0.0
0,29.69911764705882,2.1855792552411137,0,0,0,0.0,0.0,0.0,0.0,0.0,0.0,0.0,0.0
0,29.69911764705882,2.2027647577118348,0,0,0,0.0,0.0,0.0,0.0,0.0,0.0,0.0,0.0
1,0.83,3.4011973816621555,2,0,0,0.0,0.0,1.0,0.0,0.0,0.0,0.0,1.0
1,30.0,2.600836116795061,0,1,0,0.0,0.0,0.0,1.0,0.0,0.0,0.0,0.0
0,22.0,2.3025850929940455,0,0,0,0.0,0.0,0.0,0.0,0.0,0.0,0.0,0.0
1,29.0,2.3513752571634776,0,0,0,0.0,0.0,0.0,0.0,0.0,0.0,0.0,0.0
1,29.69911764705882,2.173330257136783,0,1,0,0.0,1.0,0.0,1.0,0.0,0.0,0.0,0.0
0,28.0,3.873282177111715,0,0,0,0.0,0.0,0.0,0.0,0.0,0.0,1.0,0.0
1,17.0,2.4423470353692043,0,1,0,0.0,0.0,0.0,1.0,0.0,0.0,0.0,1.0
1,33.0,2.8243506567983707,3,1,0,0.0,0.0,0.0,0.0,1.0,0.0,0.0,0.0
0,16.0,3.5660053559634015,4,0,0,0.0,0.0,0.0,0.0,0.0,0.0,0.0,0.0
0,29.69911764705882,2.2027647577118348,0,0,0,0.0,0.0,0.0,0.0,0.0,0.0,0.0,0.0
1,23.0,5.521485797552746,5,1,0,0.0,0.0,0.0,1.0,0.0,0.0,1.0,0.0
0,24.0,2.2027647577118348,0,0,0,0.0,0.0,0.0,0.0,0.0,0.0,0.0,0.0
0,29.0,2.2027647577118348,0,0,0,0.0,0.0,0.0,0.0,0.0,0.0,0.0,0.0
0,20.0,2.180891922715322,0,0,0,0.0,0.0,0.0,0.0,0.0,0.0,0.0,0.0
0,46.0,4.1299529896894684,1,0,0,0.0,0.0,0.0,0.0,0.0,0.0,1.0,0.0
0,26.0,3.0715352369694915,3,0,0,0.0,0.0,0.0,0.0,0.0,0.0,0.0,0.0
0,59.0,2.1102132003465894,0,0,0,0.0,0.0,0.0,0.0,0.0,0.0,0.0,0.0
0,29.69911764705882,2.2027647577118348,0,0,0,0.0,0.0,0.0,0.0,0.0,0.0,0.0,0.0
0,71.0,3.57386695198272,0,0,0,1.0,0.0,0.0,0.0,0.0,0.0,1.0,0.0
1,23.0,4.164465907853638,1,0,0,1.0,0.0,0.0,0.0,0.0,0.0,1.0,0.0
1,34.0,3.1780538303479453,1,1,0,0.0,0.0,0.0,0.0,1.0,0.0,0.0,1.0
0,34.0,3.295836866004329,1,0,0,0.0,0.0,0.0,0.0,0.0,0.0,0.0,1.0
0,28.0,2.1855792552411137,0,1,0,0.0,0.0,0.0,1.0,0.0,0.0,0.0,0.0
0,29.69911764705882,2.1855792552411137,0,0,0,0.0,0.0,0.0,0.0,0.0,0.0,0.0,0.0
0,21.0,4.360387947851531,1,0,0,0.0,0.0,0.0,0.0,0.0,0.0,1.0,0.0
0,33.0,2.267393053825037,0,0,0,0.0,0.0,0.0,0.0,0.0,0.0,0.0,0.0
0,37.0,2.1888563276657025,2,0,0,0.0,0.0,0.0,0.0,0.0,0.0,0.0,0.0
0,28.0,2.1855792552411137,0,0,0,0.0,0.0,0.0,0.0,0.0,0.0,0.0,0.0
1,21.0,2.157559320943788,0,1,0,0.0,0.0,0.0,1.0,0.0,0.0,0.0,0.0
1,29.69911764705882,2.1719067693519296,0,0,0,0.0,0.0,0.0,0.0,0.0,0.0,0.0,0.0
0,38.0,2.1855792552411137,0,0,0,0.0,0.0,0.0,0.0,0.0,0.0,0.0,0.0
1,29.69911764705882,3.224857896545748,1,1,0,0.0,1.0,0.0,1.0,0.0,0.0,0.0,0.0
0,47.0,3.9702919135521215,0,0,0,0.0,0.0,0.0,0.0,0.0,0.0,1.0,0.0
0,14.5,2.737880811060884,1,1,0,1.0,0.0,0.0,1.0,0.0,0.0,0.0,0.0
0,22.0,2.2027647577118348,0,0,0,0.0,0.0,0.0,0.0,0.0,0.0,0.0,0.0
0,20.0,2.3818582738885534,1,1,0,0.0,0.0,0.0,1.0,0.0,0.0,0.0,0.0
0,17.0,2.738146075922933,0,1,0,1.0,0.0,0.0,1.0,0.0,0.0,0.0,0.0
0,21.0,2.1888563276657025,0,0,0,0.0,0.0,0.0,0.0,0.0,0.0,0.0,0.0
0,70.5,2.169053700369523,0,0,0,0.0,1.0,0.0,0.0,0.0,0.0,0.0,0.0
0,29.0,3.0910424533583156,1,0,0,0.0,0.0,0.0,0.0,0.0,0.0,0.0,1.0
0,24.0,5.515526544247128,1,0,0,1.0,0.0,0.0,0.0,0.0,0.0,1.0,0.0
0,2.0,3.4742929367327062,6,1,0,0.0,0.0,0.0,1.0,0.0,0.0,0.0,0.0
0,21.0,4.310799125385514,2,0,0,0.0,0.0,0.0,0.0,0.0,0.0,0.0,1.0
0,29.69911764705882,2.2027647577118348,0,0,0,0.0,0.0,0.0,0.0,0.0,0.0,0.0,0.0
0,32.5,3.436268471383741,1,0,0,1.0,0.0,0.0,0.0,0.0,0.0,0.0,1.0
1,32.5,2.6390573296152584,0,1,0,0.0,0.0,0.0,1.0,0.0,0.0,0.0,1.0
0,54.0,4.360387947851531,1,0,0,0.0,0.0,0.0,0.0,0.0,0.0,1.0,0.0
1,12.0,2.5048481563289,1,0,0,1.0,0.0,1.0,0.0,0.0,0.0,0.0,0.0
0,29.69911764705882,2.169053700369523,0,0,0,0.0,1.0,0.0,0.0,0.0,0.0,0.0,0.0
1,24.0,2.096999003418169,0,0,0,0.0,0.0,0.0,0.0,0.0,0.0,0.0,0.0
1,29.69911764705882,3.1509523813392697,2,1,0,1.0,0.0,0.0,1.0,0.0,0.0,0.0,0.0
0,45.0,2.076311648670908,0,0,0,0.0,0.0,0.0,0.0,0.0,0.0,0.0,0.0
0,33.0,2.1855792552411137,0,0,0,1.0,0.0,0.0,0.0,0.0,0.0,0.0,0.0
0,20.0,2.085672091430472,0,0,0,0.0,0.0,0.0,0.0,0.0,0.0,0.0,0.0
0,47.0,2.740840023925201,1,1,0,0.0,0.0,0.0,0.0,1.0,0.0,0.0,0.0
1,29.0,3.295836866004329,1,1,0,0.0,0.0,0.0,0.0,1.0,0.0,0.0,1.0
0,25.0,2.6390573296152584,0,0,0,0.0,0.0,0.0,0.0,0.0,0.0,0.0,1.0
0,23.0,2.7754471330882615,0,0,0,1.0,0.0,0.0,0.0,0.0,0.0,0.0,1.0
1,19.0,3.3062747934011893,2,1,0,0.0,0.0,0.0,1.0,0.0,0.0,1.0,0.0
0,37.0,3.9908341858524357,1,0,0,0.0,0.0,0.0,0.0,0.0,0.0,1.0,0.0
0,16.0,2.3240236363515288,0,0,0,0.0,0.0,0.0,0.0,0.0,0.0,0.0,0.0
0,24.0,4.384523514872469,0,0,0,1.0,0.0,0.0,0.0,0.0,0.0,1.0,0.0
0,29.69911764705882,2.787834413830345,2,1,0,1.0,0.0,0.0,0.0,1.0,0.0,0.0,0.0
1,22.0,2.169053700369523,0,1,0,0.0,0.0,0.0,1.0,0.0,0.0,0.0,0.0
1,24.0,2.8243506567983707,1,1,0,0.0,0.0,0.0,0.0,1.0,0.0,0.0,0.0
0,19.0,2.0476928433652555,0,0,0,0.0,1.0,0.0,0.0,0.0,0.0,0.0,0.0
0,18.0,2.525728644308255,0,0,0,0.0,0.0,0.0,0.0,0.0,0.0,0.0,1.0
0,19.0,3.6309854756950335,2,0,0,0.0,0.0,0.0,0.0,0.0,0.0,0.0,1.0
1,27.0,2.174274334826008,0,0,0,0.0,0.0,0.0,0.0,0.0,0.0,0.0,0.0
0,9.0,3.5660053559634015,4,1,0,0.0,0.0,0.0,1.0,0.0,0.0,0.0,0.0
0,36.5,3.295836866004329,2,0,0,0.0,0.0,0.0,0.0,0.0,0.0,0.0,1.0
0,42.0,2.6390573296152584,0,0,0,0.0,0.0,0.0,0.0,0.0,1.0,0.0,1.0
0,51.0,2.6045398247325453,0,0,0,0.0,0.0,0.0,0.0,0.0,1.0,0.0,1.0
1,22.0,4.213607983048918,1,1,0,0.0,0.0,0.0,0.0,1.0,0.0,1.0,0.0
0,55.5,2.2027647577118348,0,0,0,0.0,0.0,0.0,0.0,0.0,0.0,0.0,0.0
0,40.5,2.740840023925201,2,0,0,0.0,0.0,0.0,0.0,0.0,0.0,0.0,0.0
0,29.69911764705882,2.1177604059819726,0,0,0,0.0,0.0,0.0,0.0,0.0,0.0,0.0,0.0
0,51.0,4.133231886474144,1,0,0,1.0,0.0,0.0,0.0,0.0,0.0,1.0,0.0
1,16.0,2.167143305297764,0,1,0,0.0,1.0,0.0,1.0,0.0,0.0,0.0,0.0
0,30.0,2.2027647577118348,0,0,0,0.0,0.0,0.0,0.0,0.0,0.0,0.0,0.0
0,29.69911764705882,2.2682524139135403,0,0,0,0.0,0.0,0.0,0.0,0.0,0.0,0.0,0.0
0,29.69911764705882,4.256321678298823,10,0,0,0.0,0.0,1.0,0.0,0.0,0.0,0.0,0.0
0,44.0,2.8390784635086144,1,0,0,0.0,0.0,0.0,0.0,0.0,0.0,0.0,0.0
1,40.0,2.8183982582710754,0,1,0,0.0,0.0,0.0,0.0,1.0,0.0,0.0,1.0
0,26.0,2.1719067693519296,0,0,0,0.0,0.0,0.0,0.0,0.0,0.0,0.0,0.0
0,17.0,2.2682524139135403,0,0,0,0.0,0.0,0.0,0.0,0.0,0.0,0.0,0.0
0,1.0,3.7059209199687877,5,0,0,0.0,0.0,1.0,0.0,0.0,0.0,0.0,0.0
1,9.0,3.0692150503137943,2,0,0,0.0,0.0,1.0,0.0,0.0,0.0,0.0,0.0
1,29.69911764705882,4.025351690735149,1,1,0,0.0,0.0,0.0,0.0,1.0,0.0,1.0,0.0
0,45.0,3.3638415951183864,5,1,0,0.0,0.0,0.0,0.0,1.0,0.0,0.0,0.0
0,29.69911764705882,3.2930552230424524,0,0,0,0.0,0.0,0.0,0.0,0.0,0.0,1.0,0.0
0,28.0,4.051711901657239,0,0,0,0.0,0.0,0.0,0.0,0.0,0.0,0.0,0.0
0,61.0,3.540959324037314,0,0,0,0.0,0.0,0.0,0.0,0.0,0.0,1.0,0.0
0,4.0,3.405355391810819,5,0,0,0.0,1.0,1.0,0.0,0.0,0.0,0.0,0.0
1,1.0,2.495953738718064,2,1,0,0.0,0.0,0.0,1.0,0.0,0.0,0.0,0.0
0,21.0,2.1888563276657025,0,0,0,0.0,0.0,0.0,0.0,0.0,0.0,0.0,0.0
0,56.0,3.4561841799918147,0,0,0,1.0,0.0,0.0,0.0,0.0,0.0,1.0,0.0
0,18.0,2.180891922715322,2,0,0,0.0,0.0,0.0,0.0,0.0,0.0,0.0,0.0
0,29.69911764705882,3.2758873390300307,4,0,0,0.0,0.0,1.0,0.0,0.0,0.0,0.0,0.0
0,50.0,3.391567832686312,0,1,0,1.0,0.0,0.0,1.0,0.0,0.0,1.0,0.0
0,30.0,2.6390573296152584,0,0,0,0.0,0.0,0.0,0.0,0.0,0.0,0.0,1.0
0,36.0,0.0,0,0,0,0.0,0.0,0.0,0.0,0.0,0.0,0.0,0.0
0,29.69911764705882,4.256321678298823,10,1,0,0.0,0.0,0.0,1.0,0.0,0.0,0.0,0.0
0,29.69911764705882,2.775708849576025,0,0,0,1.0,0.0,0.0,0.0,0.0,0.0,0.0,1.0
0,9.0,3.4777725458882283,6,0,0,0.0,0.0,1.0,0.0,0.0,0.0,0.0,0.0
1,1.0,3.6888794541139363,3,0,0,0.0,0.0,1.0,0.0,0.0,0.0,0.0,1.0
1,4.0,3.13658058214137,2,1,0,0.0,0.0,0.0,1.0,0.0,0.0,0.0,0.0
0,29.69911764705882,3.9318256327243257,0,0,0,0.0,0.0,0.0,0.0,0.0,0.0,1.0,0.0
1,29.69911764705882,2.803360380906535,1,1,0,0.0,1.0,0.0,0.0,1.0,0.0,0.0,0.0
1,45.0,3.3160025355989236,0,0,0,0.0,0.0,0.0,0.0,0.0,0.0,1.0,0.0
0,40.0,2.803360380906535,2,0,0,0.0,1.0,0.0,0.0,0.0,0.0,0.0,0.0
0,36.0,2.1855792552411137,0,0,0,0.0,0.0,0.0,0.0,0.0,0.0,0.0,0.0
1,32.0,2.6390573296152584,0,1,0,0.0,0.0,0.0,0.0,1.0,0.0,0.0,1.0
0,19.0,2.6390573296152584,0,0,0,0.0,0.0,0.0,0.0,0.0,0.0,0.0,1.0
1,19.0,2.180891922715322,1,1,0,0.0,0.0,0.0,1.0,0.0,0.0,0.0,0.0
1,3.0,3.295836866004329,2,0,0,0.0,0.0,1.0,0.0,0.0,0.0,0.0,1.0
1,44.0,3.357621598945279,0,1,0,1.0,0.0,0.0,0.0,1.0,0.0,1.0,0.0
1,58.0,4.993969182787072,0,1,0,1.0,0.0,0.0,1.0,0.0,0.0,1.0,0.0
0,29.69911764705882,2.169053700369523,0,0,0,0.0,1.0,0.0,0.0,0.0,0.0,0.0,0.0
0,42.0,2.241156397997397,1,0,0,0.0,0.0,0.0,0.0,0.0,0.0,0.0,0.0
1,29.69911764705882,2.169053700369523,0,1,0,0.0,1.0,0.0,1.0,0.0,0.0,0.0,0.0
0,24.0,2.6390573296152584,0,1,0,0.0,0.0,0.0,1.0,0.0,0.0,0.0,1.0
0,28.0,2.3513752571634776,0,0,0,0.0,0.0,0.0,0.0,0.0,0.0,0.0,0.0
0,29.69911764705882,4.256321678298823,10,0,0,0.0,0.0,0.0,0.0,0.0,0.0,0.0,0.0
0,34.0,2.0143428636837015,0,0,0,0.0,0.0,0.0,0.0,0.0,0.0,0.0,0.0
0,45.5,2.1071782966514356,0,0,0,1.0,0.0,0.0,0.0,0.0,0.0,0.0,0.0
1,18.0,2.2027647577118348,0,0,0,0.0,0.0,0.0,0.0,0.0,0.0,0.0,0.0
0,2.0,2.4390808375825834,1,1,0,0.0,0.0,0.0,1.0,0.0,0.0,0.0,0.0
0,32.0,2.8243506567983707,1,0,0,0.0,0.0,0.0,0.0,0.0,0.0,0.0,0.0
1,26.0,2.9850504252071306,0,0,0,1.0,0.0,0.0,0.0,0.0,0.0,0.0,0.0
1,16.0,2.169053700369523,0,1,0,0.0,1.0,0.0,1.0,0.0,0.0,0.0,0.0
1,40.0,3.4657359027997265,0,0,0,1.0,0.0,0.0,0.0,0.0,0.0,1.0,0.0
0,24.0,2.085672091430472,0,0,0,0.0,0.0,0.0,0.0,0.0,0.0,0.0,0.0
1,35.0,3.0910424533583156,0,1,0,0.0,0.0,0.0,1.0,0.0,0.0,0.0,1.0
0,22.0,2.1102132003465894,0,0,0,0.0,0.0,0.0,0.0,0.0,0.0,0.0,0.0
0,30.0,2.6390573296152584,0,0,0,0.0,0.0,0.0,0.0,0.0,0.0,0.0,1.0
0,29.69911764705882,2.169053700369523,1,0,0,0.0,1.0,0.0,0.0,0.0,0.0,0.0,0.0
1,31.0,4.738607824217808,1,1,0,1.0,0.0,0.0,1.0,0.0,0.0,1.0,0.0
1,27.0,2.1888563276657025,0,1,0,0.0,0.0,0.0,1.0,0.0,0.0,0.0,0.0
0,42.0,3.332204510175204,1,0,0,0.0,0.0,0.0,0.0,0.0,0.0,0.0,1.0
1,32.0,4.347586575960343,0,1,0,1.0,0.0,0.0,1.0,0.0,0.0,1.0,0.0
0,30.0,2.4423470353692043,0,0,0,0.0,0.0,0.0,0.0,0.0,0.0,0.0,1.0
1,16.0,2.2027647577118348,0,0,0,0.0,0.0,0.0,0.0,0.0,0.0,0.0,0.0
0,27.0,2.6390573296152584,0,0,0,0.0,0.0,0.0,0.0,0.0,0.0,0.0,1.0
0,51.0,2.2027647577118348,0,0,0,0.0,0.0,0.0,0.0,0.0,0.0,0.0,0.0
0,29.69911764705882,2.1855792552411137,0,0,0,0.0,0.0,0.0,0.0,0.0,0.0,0.0,0.0
1,38.0,4.51085950651685,1,0,0,0.0,0.0,0.0,0.0,0.0,0.0,1.0,0.0
0,22.0,2.336986519711378,0,0,0,0.0,0.0,0.0,0.0,0.0,0.0,0.0,0.0
1,19.0,2.4423470353692043,0,0,0,0.0,0.0,0.0,0.0,0.0,0.0,0.0,1.0
0,20.5,2.1102132003465894,0,0,0,0.0,0.0,0.0,0.0,0.0,0.0,0.0,0.0
0,18.0,2.6390573296152584,0,0,0,0.0,0.0,0.0,0.0,0.0,0.0,0.0,1.0
0,29.69911764705882,3.2758873390300307,4,1,0,0.0,0.0,0.0,1.0,0.0,0.0,0.0,0.0
1,35.0,4.436455632600353,1,1,0,0.0,0.0,0.0,0.0,1.0,0.0,1.0,0.0
0,29.0,2.1719067693519296,0,0,0,0.0,0.0,0.0,0.0,0.0,0.0,0.0,0.0
0,59.0,2.6741486494265287,0,0,0,0.0,0.0,0.0,0.0,0.0,0.0,0.0,1.0
1,5.0,3.4777725458882283,6,1,0,0.0,0.0,0.0,1.0,0.0,0.0,0.0,0.0
0,24.0,2.4423470353692043,0,0,0,0.0,0.0,0.0,0.0,0.0,0.0,0.0,1.0
0,29.69911764705882,2.145931282948669,0,1,0,0.0,0.0,0.0,1.0,0.0,0.0,0.0,0.0
0,44.0,3.295836866004329,1,0,0,0.0,0.0,0.0,0.0,0.0,0.0,0.0,1.0
1,8.0,3.305053521109253,2,1,0,0.0,0.0,0.0,1.0,0.0,0.0,0.0,1.0
0,19.0,2.4423470353692043,0,0,0,0.0,0.0,0.0,0.0,0.0,0.0,0.0,1.0
0,33.0,2.5858825671280026,0,0,0,0.0,0.0,0.0,0.0,0.0,0.0,0.0,1.0
0,29.69911764705882,2.737880811060884,1,1,0,1.0,0.0,0.0,1.0,0.0,0.0,0.0,0.0
1,29.69911764705882,2.803360380906535,1,1,0,0.0,1.0,0.0,1.0,0.0,0.0,0.0,0.0
0,29.0,2.4423470353692043,0,0,0,0.0,0.0,0.0,0.0,0.0,0.0,0.0,1.0
0,22.0,2.094945728215801,0,0,0,0.0,0.0,0.0,0.0,0.0,0.0,0.0,0.0
0,30.0,2.1071782966514356,0,0,0,1.0,0.0,0.0,0.0,0.0,0.0,0.0,0.0
0,44.0,4.51085950651685,2,0,0,0.0,1.0,0.0,0.0,0.0,1.0,1.0,0.0
0,25.0,2.1719067693519296,0,1,0,0.0,0.0,0.0,1.0,0.0,0.0,0.0,0.0
1,24.0,2.740840023925201,2,1,0,0.0,0.0,0.0,0.0,1.0,0.0,0.0,1.0
1,37.0,3.9806942251907276,2,0,0,0.0,0.0,0.0,0.0,0.0,0.0,1.0,0.0
0,54.0,3.295836866004329,1,0,0,0.0,0.0,0.0,0.0,0.0,1.0,0.0,1.0
0,29.69911764705882,2.1102132003465894,0,0,0,0.0,0.0,0.0,0.0,0.0,0.0,0.0,0.0
0,29.0,2.4390808375825834,2,1,0,0.0,0.0,0.0,0.0,1.0,0.0,0.0,0.0
0,62.0,3.3160025355989236,0,0,0,0.0,0.0,0.0,0.0,0.0,0.0,1.0,0.0
0,30.0,2.8390784635086144,1,0,0,0.0,0.0,0.0,0.0,0.0,0.0,0.0,0.0
0,41.0,3.0545906305603445,2,1,0,0.0,0.0,0.0,0.0,1.0,0.0,0.0,0.0
1,29.0,2.787834413830345,2,1,0,1.0,0.0,0.0,0.0,1.0,0.0,0.0,0.0
1,29.69911764705882,4.384523514872469,0,1,0,1.0,0.0,0.0,0.0,1.0,0.0,1.0,0.0
1,30.0,4.471638793363568,0,1,0,0.0,0.0,0.0,1.0,0.0,0.0,1.0,0.0
1,35.0,5.521485797552746,0,1,0,1.0,0.0,0.0,1.0,0.0,0.0,1.0,0.0
1,50.0,3.295836866004329,1,1,0,0.0,0.0,0.0,0.0,1.0,0.0,0.0,1.0
0,29.69911764705882,2.169053700369523,0,0,0,0.0,1.0,0.0,0.0,0.0,0.0,0.0,0.0
1,3.0,3.4777725458882283,6,0,0,0.0,0.0,1.0,0.0,0.0,0.0,0.0,0.0
0,52.0,4.390118804571218,2,0,0,0.0,0.0,0.0,0.0,0.0,0.0,1.0,0.0
0,40.0,0.0,0,0,0,0.0,0.0,0.0,0.0,0.0,0.0,1.0,0.0
0,29.69911764705882,2.169053700369523,0,1,0,0.0,1.0,0.0,1.0,0.0,0.0,0.0,0.0
0,36.0,2.4423470353692043,0,0,0,0.0,0.0,0.0,0.0,0.0,0.0,0.0,1.0
0,16.0,3.7059209199687877,5,0,0,0.0,0.0,0.0,0.0,0.0,0.0,0.0,0.0
1,25.0,2.1719067693519296,1,0,0,0.0,0.0,0.0,0.0,0.0,0.0,0.0,0.0
1,58.0,5.039951348430309,1,1,0,0.0,0.0,0.0,0.0,1.0,0.0,1.0,0.0
1,35.0,4.91730069488021,0,1,0,0.0,0.0,0.0,1.0,0.0,0.0,1.0,0.0
0,29.69911764705882,3.4657359027997265,0,0,0,0.0,0.0,0.0,0.0,0.0,0.0,1.0,0.0
1,25.0,0.0,0,0,0,0.0,0.0,0.0,0.0,0.0,0.0,0.0,0.0
1,41.0,3.0204248861443626,1,1,0,0.0,0.0,0.0,0.0,1.0,0.0,0.0,1.0
0,37.0,3.4242626545931514,1,0,0,1.0,0.0,0.0,0.0,0.0,0.0,1.0,0.0
1,29.69911764705882,2.169053700369523,0,1,0,0.0,1.0,0.0,1.0,0.0,0.0,0.0,0.0
1,63.0,4.368919865004903,1,1,0,0.0,0.0,0.0,1.0,0.0,0.0,1.0,0.0
0,45.0,2.169053700369523,0,1,0,0.0,0.0,0.0,1.0,0.0,0.0,0.0,0.0
0,29.69911764705882,0.0,0,0,0,0.0,0.0,0.0,0.0,0.0,0.0,0.0,1.0
0,7.0,3.405355391810819,5,0,0,0.0,1.0,1.0,0.0,0.0,0.0,0.0,0.0
1,35.0,3.056356895370426,2,1,0,0.0,0.0,0.0,0.0,1.0,0.0,0.0,0.0
0,65.0,2.169053700369523,0,0,0,0.0,1.0,0.0,0.0,0.0,0.0,0.0,0.0
0,28.0,2.180891922715322,0,0,0,0.0,0.0,0.0,0.0,0.0,0.0,0.0,0.0
0,16.0,2.3513752571634776,0,0,0,0.0,0.0,0.0,0.0,0.0,0.0,0.0,0.0
1,19.0,2.2027647577118348,0,0,0,0.0,0.0,0.0,0.0,0.0,0.0,0.0,0.0
0,29.69911764705882,3.295836866004329,0,0,0,0.0,0.0,0.0,0.0,0.0,0.0,1.0,0.0
0,33.0,2.2682524139135403,0,0,0,1.0,0.0,0.0,0.0,0.0,0.0,0.0,0.0
1,30.0,2.3513752571634776,0,0,0,0.0,0.0,0.0,0.0,0.0,0.0,0.0,0.0
0,22.0,2.1855792552411137,0,0,0,0.0,0.0,0.0,0.0,0.0,0.0,0.0,0.0
1,42.0,2.6390573296152584,0,0,0,0.0,0.0,0.0,0.0,0.0,0.0,0.0,1.0
1,22.0,2.169053700369523,0,1,0,0.0,1.0,0.0,1.0,0.0,0.0,0.0,0.0
1,26.0,4.380149874661021,0,1,0,0.0,0.0,0.0,1.0,0.0,0.0,1.0,0.0
1,19.0,4.5226490762785785,1,1,0,1.0,0.0,0.0,0.0,1.0,0.0,1.0,0.0
0,36.0,2.630088659632498,0,0,0,1.0,0.0,0.0,0.0,0.0,0.0,0.0,1.0
0,24.0,2.287471455183997,0,1,0,0.0,0.0,0.0,1.0,0.0,0.0,0.0,0.0
0,24.0,2.1855792552411137,0,0,0,0.0,0.0,0.0,0.0,0.0,0.0,0.0,0.0
0,29.69911764705882,3.357621598945279,0,0,0,1.0,0.0,0.0,0.0,0.0,0.0,1.0,0.0
0,23.5,2.1076888046179385,0,0,0,1.0,0.0,0.0,0.0,0.0,0.0,0.0,0.0
0,2.0,5.027492411162679,3,1,1,0.0,0.0,0.0,1.0,0.0,0.0,1.0,0.0
1,29.69911764705882,3.449987545831587,0,0,0,0.0,0.0,0.0,0.0,0.0,0.0,1.0,0.0
1,50.0,5.515526544247128,1,1,0,1.0,0.0,0.0,0.0,1.0,0.0,1.0,0.0
1,29.69911764705882,2.169053700369523,0,1,0,0.0,1.0,0.0,1.0,0.0,0.0,0.0,0.0
1,29.69911764705882,3.188416617383492,2,0,0,0.0,1.0,0.0,0.0,0.0,0.0,0.0,0.0
0,19.0,0.0,0,0,0,0.0,0.0,0.0,0.0,0.0,0.0,0.0,0.0
1,29.69911764705882,2.5915163848462583,0,1,0,0.0,1.0,0.0,1.0,0.0,0.0,0.0,1.0
0,29.69911764705882,2.2027647577118348,0,0,0,0.0,0.0,0.0,0.0,0.0,0.0,0.0,0.0
1,0.92,5.027492411162679,3,0,1,0.0,0.0,1.0,0.0,0.0,0.0,1.0,0.0
1,29.69911764705882,4.717456363787216,0,1,0,1.0,0.0,0.0,1.0,0.0,0.0,1.0,0.0
1,17.0,4.699570861409575,1,1,0,1.0,0.0,0.0,0.0,1.0,0.0,1.0,0.0
0,30.0,3.2188758248682006,1,0,0,1.0,0.0,0.0,0.0,0.0,0.0,0.0,1.0
1,30.0,4.0592215752427645,0,1,0,1.0,0.0,0.0,1.0,0.0,0.0,1.0,0.0
1,24.0,4.432699549165613,0,1,0,1.0,0.0,0.0,1.0,0.0,0.0,1.0,0.0
1,18.0,5.521485797552746,4,1,0,1.0,0.0,0.0,1.0,0.0,0.0,1.0,0.0
0,26.0,3.295836866004329,2,1,0,0.0,0.0,0.0,0.0,1.0,0.0,0.0,1.0
0,28.0,2.1855792552411137,0,0,0,0.0,0.0,0.0,0.0,0.0,0.0,0.0,0.0
0,43.0,3.305053521109253,2,0,0,0.0,0.0,0.0,0.0,0.0,0.0,0.0,1.0
1,26.0,2.180891922715322,0,1,0,0.0,0.0,0.0,1.0,0.0,0.0,0.0,0.0
1,24.0,3.295836866004329,1,1,0,0.0,0.0,0.0,0.0,1.0,0.0,0.0,1.0
0,54.0,2.70805020110221,0,0,0,0.0,0.0,0.0,0.0,0.0,1.0,0.0,1.0
1,31.0,5.11118445372147,2,1,0,0.0,0.0,0.0,1.0,0.0,0.0,1.0,0.0
1,40.0,4.908971640319756,2,1,0,1.0,0.0,0.0,0.0,1.0,0.0,1.0,0.0
0,22.0,2.1102132003465894,0,0,0,0.0,0.0,0.0,0.0,0.0,0.0,0.0,0.0
0,27.0,2.1855792552411137,0,0,0,0.0,0.0,0.0,0.0,0.0,0.0,0.0,0.0
1,30.0,2.5915163848462583,0,1,0,0.0,1.0,0.0,1.0,0.0,0.0,0.0,1.0
1,22.0,3.4011973816621555,2,1,0,0.0,0.0,0.0,0.0,1.0,0.0,0.0,1.0
0,29.69911764705882,4.256321678298823,10,0,0,0.0,0.0,0.0,0.0,0.0,0.0,0.0,0.0
1,36.0,4.91730069488021,0,1,0,1.0,0.0,0.0,1.0,0.0,0.0,1.0,0.0
0,61.0,1.9792758428991135,0,0,0,0.0,0.0,0.0,0.0,0.0,0.0,0.0,0.0
1,36.0,2.6390573296152584,0,1,0,0.0,0.0,0.0,0.0,1.0,0.0,0.0,1.0
1,31.0,3.0692150503137943,2,1,0,0.0,0.0,0.0,0.0,1.0,0.0,0.0,0.0
1,16.0,4.077184839375167,1,1,0,1.0,0.0,0.0,1.0,0.0,0.0,1.0,0.0
1,29.69911764705882,3.188416617383492,2,1,0,0.0,1.0,0.0,1.0,0.0,0.0,0.0,0.0
0,45.5,3.384390263345774,0,0,0,0.0,0.0,0.0,0.0,0.0,0.0,1.0,0.0
0,38.0,5.039951348430309,1,0,0,0.0,0.0,0.0,0.0,0.0,0.0,1.0,0.0
0,16.0,2.9444389791664403,2,0,0,0.0,0.0,0.0,0.0,0.0,0.0,0.0,0.0
1,29.69911764705882,4.902678819257607,1,1,0,0.0,0.0,0.0,0.0,1.0,0.0,1.0,0.0
0,29.69911764705882,2.1855792552411137,0,0,0,0.0,0.0,0.0,0.0,0.0,0.0,0.0,0.0
0,29.0,4.213607983048918,1,0,0,0.0,0.0,0.0,0.0,0.0,0.0,1.0,0.0
1,41.0,4.908971640319756,0,1,0,1.0,0.0,0.0,1.0,0.0,0.0,1.0,0.0
1,45.0,2.2027647577118348,0,0,0,0.0,0.0,0.0,0.0,0.0,0.0,0.0,0.0
0,45.0,3.5973122605884456,0,0,0,0.0,0.0,0.0,0.0,0.0,0.0,1.0,0.0
1,2.0,3.295836866004329,2,0,0,0.0,0.0,1.0,0.0,0.0,0.0,0.0,1.0
1,24.0,5.521485797552746,5,1,0,0.0,0.0,0.0,1.0,0.0,0.0,1.0,0.0
0,28.0,2.6390573296152584,0,0,0,0.0,0.0,0.0,0.0,0.0,0.0,0.0,1.0
0,25.0,2.6390573296152584,0,0,0,0.0,0.0,0.0,0.0,0.0,0.0,0.0,1.0
0,36.0,2.6390573296152584,0,0,0,0.0,0.0,0.0,0.0,0.0,0.0,0.0,1.0
1,24.0,2.6390573296152584,0,1,0,0.0,0.0,0.0,1.0,0.0,0.0,0.0,1.0
1,40.0,2.6390573296152584,0,1,0,0.0,0.0,0.0,1.0,0.0,0.0,0.0,1.0
1,29.69911764705882,2.8390784635086144,1,1,0,0.0,0.0,0.0,0.0,1.0,0.0,0.0,0.0
1,3.0,2.8273136219290276,2,0,0,0.0,0.0,1.0,0.0,0.0,0.0,0.0,0.0
0,42.0,2.2682524139135403,0,0,0,0.0,0.0,0.0,0.0,0.0,0.0,0.0,0.0
0,23.0,2.3248357019288655,0,0,0,0.0,0.0,0.0,0.0,0.0,0.0,0.0,0.0
0,29.69911764705882,3.58351893845611,0,0,0,0.0,0.0,0.0,0.0,0.0,0.0,1.0,0.0
0,15.0,2.1076888046179385,2,0,0,1.0,0.0,0.0,0.0,0.0,0.0,0.0,0.0
0,25.0,2.9338568698359033,1,0,0,0.0,0.0,0.0,0.0,0.0,0.0,0.0,0.0
0,29.69911764705882,2.1071782966514356,0,0,0,1.0,0.0,0.0,0.0,0.0,0.0,0.0,0.0
0,28.0,2.3513752571634776,0,0,0,0.0,0.0,0.0,0.0,0.0,0.0,0.0,0.0
1,22.0,4.025351690735149,1,1,0,0.0,0.0,0.0,1.0,0.0,0.0,1.0,0.0
0,38.0,2.6390573296152584,0,1,0,0.0,0.0,0.0,1.0,0.0,0.0,0.0,1.0
1,29.69911764705882,2.1837114628556327,0,1,0,0.0,1.0,0.0,1.0,0.0,0.0,0.0,0.0
1,29.69911764705882,2.1837114628556327,0,1,0,0.0,1.0,0.0,1.0,0.0,0.0,0.0,0.0
0,40.0,3.3638415951183864,5,0,0,0.0,0.0,0.0,0.0,0.0,0.0,0.0,0.0
0,29.0,3.357621598945279,1,0,0,1.0,0.0,0.0,0.0,0.0,0.0,0.0,1.0
0,45.0,2.737880811060884,1,1,0,1.0,0.0,0.0,0.0,1.0,0.0,0.0,0.0
0,35.0,2.085672091430472,0,0,0,0.0,0.0,0.0,0.0,0.0,0.0,0.0,0.0
0,29.69911764705882,2.803360380906535,1,0,0,0.0,1.0,0.0,0.0,0.0,0.0,0.0,0.0
0,30.0,2.1102132003465894,0,0,0,0.0,0.0,0.0,0.0,0.0,0.0,0.0,0.0
1,60.0,4.334017415487521,1,1,0,1.0,0.0,0.0,0.0,1.0,0.0,1.0,0.0
1,29.69911764705882,2.1076888046179385,0,1,0,1.0,0.0,0.0,0.0,1.0,0.0,0.0,0.0
1,29.69911764705882,2.169053700369523,0,1,0,0.0,1.0,0.0,1.0,0.0,0.0,0.0,0.0
1,24.0,4.252771798816619,0,1,0,1.0,0.0,0.0,0.0,0.0,1.0,1.0,0.0
1,25.0,4.0332082470129285,1,0,0,1.0,0.0,0.0,0.0,0.0,0.0,1.0,0.0
0,18.0,2.0143428636837015,1,0,0,0.0,0.0,0.0,0.0,0.0,0.0,0.0,0.0
0,19.0,2.2027647577118348,0,0,0,0.0,0.0,0.0,0.0,0.0,0.0,0.0,0.0
0,22.0,4.91730069488021,0,0,0,1.0,0.0,0.0,0.0,0.0,0.0,1.0,0.0
0,3.0,3.0944457464900235,4,1,0,0.0,0.0,0.0,1.0,0.0,0.0,0.0,0.0
1,29.69911764705882,4.420896324687287,1,1,0,1.0,0.0,0.0,0.0,1.0,0.0,1.0,0.0
1,22.0,2.1102132003465894,0,1,0,0.0,0.0,0.0,1.0,0.0,0.0,0.0,0.0
0,27.0,5.358941988364471,2,0,0,1.0,0.0,0.0,0.0,0.0,0.0,1.0,0.0
0,20.0,1.6119347926326875,0,0,0,1.0,0.0,0.0,0.0,0.0,0.0,0.0,0.0
0,19.0,2.1719067693519296,0,0,0,0.0,0.0,0.0,0.0,0.0,0.0,0.0,0.0
1,42.0,5.4316456135398825,0,1,0,1.0,0.0,0.0,1.0,0.0,0.0,1.0,0.0
1,1.0,2.8179026130712246,2,1,0,1.0,0.0,0.0,1.0,0.0,0.0,0.0,0.0
0,32.0,2.1888563276657025,0,0,0,0.0,0.0,0.0,0.0,0.0,0.0,0.0,0.0
1,35.0,3.9702919135521215,1,1,0,0.0,0.0,0.0,0.0,1.0,0.0,1.0,0.0
0,29.69911764705882,2.1855792552411137,0,0,0,0.0,0.0,0.0,0.0,0.0,0.0,0.0,0.0
0,18.0,4.310799125385514,0,0,0,0.0,0.0,0.0,0.0,0.0,0.0,0.0,1.0
0,1.0,3.8691155044168695,7,0,0,0.0,0.0,1.0,0.0,0.0,0.0,0.0,0.0
1,36.0,2.6390573296152584,0,1,0,0.0,0.0,0.0,1.0,0.0,0.0,0.0,1.0
0,29.69911764705882,2.1666737276227077,0,0,0,0.0,1.0,0.0,0.0,0.0,0.0,0.0,0.0
1,17.0,2.5649493574615367,0,1,0,1.0,0.0,0.0,1.0,0.0,0.0,0.0,1.0
1,36.0,4.795790545596741,3,0,0,0.0,0.0,0.0,0.0,0.0,0.0,1.0,0.0
1,21.0,2.174274334826008,0,0,0,0.0,0.0,0.0,0.0,0.0,0.0,0.0,0.0
0,28.0,2.1888563276657025,2,0,0,0.0,0.0,0.0,0.0,0.0,0.0,0.0,0.0
1,23.0,4.738607824217808,1,1,0,1.0,0.0,0.0,1.0,0.0,0.0,1.0,0.0
1,24.0,2.8735646395797834,2,1,0,0.0,0.0,0.0,0.0,1.0,0.0,0.0,0.0
0,22.0,2.174274334826008,0,0,0,0.0,0.0,0.0,0.0,0.0,0.0,0.0,0.0
0,31.0,2.180891922715322,0,1,0,0.0,0.0,0.0,1.0,0.0,0.0,0.0,0.0
0,46.0,3.295836866004329,0,0,0,0.0,0.0,0.0,0.0,0.0,0.0,0.0,1.0
0,23.0,2.4423470353692043,0,0,0,0.0,0.0,0.0,0.0,0.0,1.0,0.0,1.0
1,28.0,2.6137395216309685,0,1,0,0.0,0.0,0.0,0.0,1.0,0.0,0.0,1.0
1,39.0,2.1888563276657025,0,0,0,0.0,0.0,0.0,0.0,0.0,0.0,0.0,0.0
0,26.0,2.2027647577118348,0,0,0,0.0,0.0,0.0,0.0,0.0,0.0,0.0,0.0
0,21.0,2.3818582738885534,1,1,0,0.0,0.0,0.0,1.0,0.0,0.0,0.0,0.0
0,28.0,2.8243506567983707,1,0,0,0.0,0.0,0.0,0.0,0.0,0.0,0.0,0.0
0,20.0,2.2682524139135403,0,1,0,0.0,0.0,0.0,1.0,0.0,0.0,0.0,0.0
0,34.0,3.0910424533583156,1,0,0,0.0,0.0,0.0,0.0,0.0,0.0,0.0,1.0
0,51.0,2.169053700369523,0,0,0,0.0,0.0,0.0,0.0,0.0,0.0,0.0,0.0
1,3.0,2.9831534913471307,2,0,0,0.0,0.0,1.0,0.0,0.0,0.0,0.0,1.0
0,21.0,2.1719067693519296,0,0,0,0.0,0.0,0.0,0.0,0.0,0.0,0.0,0.0
0,29.69911764705882,3.2758873390300307,4,1,0,0.0,0.0,0.0,1.0,0.0,0.0,0.0,0.0
0,29.69911764705882,2.1855792552411137,0,0,0,0.0,0.0,0.0,0.0,0.0,0.0,0.0,0.0
0,29.69911764705882,2.061570298060867,0,0,0,0.0,1.0,0.0,0.0,0.0,0.0,0.0,0.0
1,33.0,4.51085950651685,1,1,0,0.0,1.0,0.0,1.0,0.0,0.0,1.0,0.0
0,29.69911764705882,0.0,0,0,0,0.0,0.0,0.0,0.0,0.0,0.0,0.0,1.0
1,44.0,2.1888563276657025,0,0,0,0.0,0.0,0.0,0.0,0.0,0.0,0.0,0.0
0,29.69911764705882,2.2027647577118348,0,1,0,0.0,0.0,0.0,0.0,1.0,0.0,0.0,0.0
1,34.0,3.5115454388310208,2,1,0,0.0,0.0,0.0,0.0,1.0,0.0,0.0,1.0
1,18.0,2.6390573296152584,2,1,0,0.0,0.0,0.0,1.0,0.0,0.0,0.0,1.0
0,30.0,2.6390573296152584,0,0,0,0.0,0.0,0.0,0.0,0.0,0.0,0.0,1.0
0,10.0,3.224857896545748,2,1,0,0.0,0.0,0.0,1.0,0.0,0.0,0.0,0.0
0,29.69911764705882,2.1855792552411137,0,0,0,1.0,0.0,0.0,0.0,0.0,0.0,0.0,0.0
0,21.0,2.167143305297764,0,0,0,0.0,1.0,0.0,0.0,0.0,0.0,0.0,0.0
0,29.0,2.1832383353614793,0,0,0,0.0,0.0,0.0,0.0,0.0,0.0,0.0,0.0
0,28.0,2.7343675094195836,2,1,0,0.0,0.0,0.0,0.0,1.0,0.0,0.0,0.0
0,18.0,3.0545906305603445,2,0,0,0.0,0.0,0.0,0.0,0.0,0.0,0.0,0.0
0,29.69911764705882,2.1102132003465894,0,0,0,0.0,0.0,0.0,0.0,0.0,0.0,0.0,0.0
1,28.0,3.295836866004329,1,1,0,0.0,0.0,0.0,0.0,1.0,0.0,0.0,1.0
1,19.0,3.295836866004329,0,1,0,0.0,0.0,0.0,1.0,0.0,0.0,0.0,1.0
0,29.69911764705882,2.169053700369523,0,0,0,0.0,1.0,0.0,0.0,0.0,0.0,0.0,0.0
1,32.0,2.2027647577118348,0,0,0,0.0,0.0,0.0,0.0,0.0,0.0,0.0,0.0
1,28.0,3.3160025355989236,0,0,0,0.0,0.0,0.0,0.0,0.0,0.0,1.0,0.0
1,29.69911764705882,2.8390784635086144,1,1,0,0.0,0.0,0.0,0.0,1.0,0.0,0.0,0.0
1,42.0,3.295836866004329,1,1,0,0.0,0.0,0.0,0.0,1.0,0.0,0.0,1.0
0,17.0,2.094945728215801,0,0,0,0.0,0.0,0.0,0.0,0.0,0.0,0.0,0.0
0,50.0,4.041295341132285,1,0,0,0.0,0.0,0.0,0.0,0.0,0.0,1.0,0.0
1,14.0,4.795790545596741,3,1,0,0.0,0.0,0.0,1.0,0.0,0.0,1.0,0.0
0,21.0,3.5660053559634015,4,1,0,0.0,0.0,0.0,1.0,0.0,0.0,0.0,0.0
1,24.0,2.9831534913471307,5,1,0,0.0,0.0,0.0,0.0,1.0,0.0,0.0,1.0
0,64.0,5.521485797552746,5,0,0,0.0,0.0,0.0,0.0,0.0,0.0,1.0,0.0
0,31.0,2.4423470353692043,0,0,0,0.0,0.0,0.0,0.0,0.0,0.0,0.0,1.0
1,45.0,3.305053521109253,2,1,0,0.0,0.0,0.0,0.0,1.0,0.0,0.0,1.0
0,20.0,2.3513752571634776,0,0,0,0.0,0.0,0.0,0.0,0.0,0.0,0.0,0.0
0,25.0,2.1719067693519296,1,0,0,0.0,0.0,0.0,0.0,0.0,0.0,0.0,0.0
1,28.0,2.6390573296152584,0,1,0,0.0,0.0,0.0,0.0,0.0,1.0,0.0,1.0
1,29.69911764705882,2.2096470973347766,0,0,0,0.0,0.0,0.0,0.0,0.0,0.0,0.0,0.0
1,4.0,4.417131919904876,2,0,1,0.0,0.0,1.0,0.0,0.0,0.0,1.0,0.0
1,13.0,3.0204248861443626,1,1,0,0.0,0.0,0.0,1.0,0.0,0.0,0.0,1.0
1,34.0,3.3160025355989236,0,0,0,0.0,0.0,0.0,0.0,0.0,0.0,1.0,0.0
1,5.0,3.0085645861193133,3,1,0,1.0,0.0,0.0,1.0,0.0,0.0,0.0,0.0
1,52.0,3.449987545831587,0,0,0,0.0,0.0,0.0,0.0,0.0,1.0,1.0,0.0
0,36.0,3.3586377672433594,3,0,0,0.0,0.0,0.0,0.0,0.0,0.0,0.0,1.0
0,29.69911764705882,3.0429354648621403,1,0,0,0.0,0.0,0.0,0.0,0.0,0.0,0.0,0.0
0,30.0,3.3586377672433594,0,0,0,1.0,0.0,0.0,0.0,0.0,0.0,1.0,0.0
1,49.0,4.500966778400217,1,0,0,1.0,0.0,0.0,0.0,0.0,0.0,1.0,0.0
0,29.69911764705882,2.2027647577118348,0,0,0,0.0,0.0,0.0,0.0,0.0,0.0,0.0,0.0
1,29.0,2.1855792552411137,0,0,0,1.0,0.0,0.0,0.0,0.0,0.0,0.0,0.0
0,65.0,3.3160025355989236,0,0,0,0.0,0.0,0.0,0.0,0.0,0.0,1.0,0.0
1,29.69911764705882,3.9676942027986066,1,1,0,0.0,0.0,0.0,0.0,1.0,0.0,1.0,0.0
1,50.0,2.4423470353692043,0,1,0,0.0,0.0,0.0,1.0,0.0,0.0,0.0,1.0
0,29.69911764705882,2.169053700369523,0,0,0,0.0,1.0,0.0,0.0,0.0,0.0,0.0,0.0
1,48.0,3.3160025355989236,0,0,0,0.0,0.0,0.0,0.0,0.0,0.0,1.0,0.0
0,34.0,2.2027647577118348,0,0,0,0.0,0.0,0.0,0.0,0.0,0.0,0.0,0.0
0,47.0,3.676300671907076,0,0,0,0.0,0.0,0.0,0.0,0.0,0.0,1.0,0.0
0,48.0,2.6390573296152584,0,0,0,0.0,0.0,0.0,0.0,0.0,0.0,0.0,1.0
0,29.69911764705882,2.2027647577118348,0,0,0,0.0,0.0,0.0,0.0,0.0,0.0,0.0,0.0
0,38.0,2.085672091430472,0,0,0,0.0,0.0,0.0,0.0,0.0,0.0,0.0,0.0
0,29.69911764705882,0.0,0,0,0,0.0,0.0,0.0,0.0,0.0,0.0,0.0,1.0
0,56.0,3.3160025355989236,0,0,0,0.0,0.0,0.0,0.0,0.0,0.0,1.0,0.0
0,29.69911764705882,2.1661924680884908,0,0,0,0.0,1.0,0.0,0.0,0.0,0.0,0.0,0.0
1,0.75,3.0085645861193133,3,1,0,1.0,0.0,0.0,1.0,0.0,0.0,0.0,0.0
0,29.69911764705882,2.1102132003465894,0,0,0,0.0,0.0,0.0,0.0,0.0,0.0,0.0,0.0
0,38.0,2.2682524139135403,0,0,0,0.0,0.0,0.0,0.0,0.0,0.0,0.0,0.0
1,33.0,3.3586377672433594,3,1,0,0.0,0.0,0.0,0.0,1.0,0.0,0.0,1.0
1,23.0,2.6940662126460575,0,1,0,1.0,0.0,0.0,0.0,1.0,0.0,0.0,1.0
0,22.0,2.3830123421066602,0,1,0,0.0,0.0,0.0,1.0,0.0,0.0,0.0,0.0
0,29.69911764705882,3.9702919135521215,0,0,0,0.0,0.0,0.0,0.0,0.0,0.0,1.0,0.0
0,34.0,3.0910424533583156,1,0,0,0.0,0.0,0.0,0.0,0.0,0.0,0.0,1.0
0,29.0,2.0851502161468174,1,0,0,0.0,0.0,0.0,0.0,0.0,0.0,0.0,0.0
0,22.0,2.142510233146819,0,0,0,0.0,0.0,0.0,0.0,0.0,0.0,0.0,0.0
1,2.0,2.586823743668066,1,1,0,0.0,0.0,0.0,1.0,0.0,0.0,0.0,0.0
0,9.0,3.8691155044168695,7,0,0,0.0,0.0,1.0,0.0,0.0,0.0,0.0,0.0
0,29.69911764705882,0.0,0,0,0,0.0,0.0,0.0,0.0,0.0,0.0,0.0,1.0
0,50.0,2.2027647577118348,0,0,0,0.0,0.0,0.0,0.0,0.0,0.0,0.0,0.0
1,63.0,2.3596740599781727,0,1,0,0.0,0.0,0.0,0.0,1.0,0.0,0.0,0.0
1,25.0,4.5226490762785785,1,0,0,1.0,0.0,0.0,0.0,0.0,0.0,1.0,0.0
0,29.69911764705882,3.2758873390300307,4,1,0,0.0,0.0,0.0,1.0,0.0,0.0,0.0,0.0
1,35.0,4.51085950651685,1,1,0,0.0,0.0,0.0,0.0,1.0,0.0,1.0,0.0
0,58.0,3.4242626545931514,0,0,0,1.0,0.0,0.0,0.0,0.0,0.0,1.0,0.0
0,30.0,2.2027647577118348,0,0,0,0.0,0.0,0.0,0.0,0.0,0.0,0.0,0.0
1,9.0,2.8273136219290276,2,0,0,0.0,0.0,1.0,0.0,0.0,0.0,0.0,0.0
0,29.69911764705882,3.0429354648621403,1,0,0,0.0,0.0,0.0,0.0,0.0,0.0,0.0,0.0
0,21.0,2.1102132003465894,0,0,0,0.0,0.0,0.0,0.0,0.0,0.0,0.0,0.0
0,55.0,3.449987545831587,0,0,0,0.0,0.0,0.0,0.0,0.0,0.0,1.0,0.0
0,71.0,3.9220565011398527,0,0,0,1.0,0.0,0.0,0.0,0.0,0.0,1.0,0.0
0,21.0,2.2027647577118348,0,0,0,0.0,0.0,0.0,0.0,0.0,0.0,0.0,0.0
0,29.69911764705882,2.738146075922933,0,0,0,1.0,0.0,0.0,0.0,0.0,0.0,0.0,0.0
1,54.0,4.37281811610993,1,1,0,1.0,0.0,0.0,1.0,0.0,0.0,1.0,0.0
0,29.69911764705882,2.7788192719904172,0,0,0,0.0,0.0,0.0,0.0,0.0,0.0,0.0,0.0
0,25.0,5.027492411162679,3,1,0,0.0,0.0,0.0,0.0,1.0,0.0,1.0,0.0
0,24.0,2.174274334826008,0,0,0,0.0,0.0,0.0,0.0,0.0,0.0,0.0,0.0
0,17.0,2.2682524139135403,0,0,0,0.0,0.0,0.0,0.0,0.0,0.0,0.0,0.0
0,21.0,2.169053700369523,0,1,0,0.0,1.0,0.0,1.0,0.0,0.0,0.0,0.0
0,29.69911764705882,2.1551518009143114,0,1,0,0.0,1.0,0.0,1.0,0.0,0.0,0.0,0.0
0,37.0,2.3596740599781727,0,1,0,0.0,0.0,0.0,1.0,0.0,0.0,0.0,0.0
1,16.0,4.471638793363568,0,1,0,0.0,0.0,0.0,1.0,0.0,0.0,1.0,0.0
0,18.0,4.699570861409575,1,0,0,1.0,0.0,0.0,0.0,0.0,0.0,1.0,0.0
1,33.0,3.295836866004329,2,1,0,0.0,0.0,0.0,0.0,1.0,0.0,0.0,1.0
1,29.69911764705882,3.3160025355989236,0,0,0,0.0,0.0,0.0,0.0,0.0,0.0,1.0,0.0
0,28.0,3.158063685471443,0,0,0,0.0,0.0,0.0,0.0,0.0,0.0,0.0,0.0
1,26.0,4.051711901657239,0,0,0,0.0,0.0,0.0,0.0,0.0,0.0,0.0,0.0
1,29.0,2.169053700369523,0,0,0,0.0,1.0,0.0,0.0,0.0,0.0,0.0,0.0
0,29.69911764705882,2.2027647577118348,0,0,0,0.0,0.0,0.0,0.0,0.0,0.0,0.0,0.0
1,36.0,3.3064287218760624,0,0,0,0.0,0.0,0.0,0.0,0.0,0.0,1.0,0.0
1,54.0,4.100989104940769,1,1,0,1.0,0.0,0.0,0.0,1.0,0.0,1.0,0.0
0,24.0,2.139571923732859,0,0,0,0.0,0.0,0.0,0.0,0.0,0.0,0.0,0.0
0,47.0,3.5559421706858756,0,0,0,0.0,0.0,0.0,0.0,0.0,0.0,1.0,0.0
1,34.0,2.4423470353692043,0,1,0,0.0,0.0,0.0,0.0,1.0,0.0,0.0,1.0
0,29.69911764705882,3.224857896545748,0,0,0,0.0,1.0,0.0,0.0,0.0,0.0,0.0,0.0
1,36.0,3.295836866004329,1,1,0,0.0,0.0,0.0,0.0,1.0,0.0,0.0,1.0
0,32.0,2.1855792552411137,0,0,0,0.0,0.0,0.0,0.0,0.0,0.0,0.0,0.0
1,30.0,4.548599834499697,0,1,0,0.0,0.0,0.0,1.0,0.0,0.0,1.0,0.0
0,22.0,2.1855792552411137,0,0,0,0.0,0.0,0.0,0.0,0.0,0.0,0.0,0.0
0,29.69911764705882,2.1071782966514356,0,0,0,1.0,0.0,0.0,0.0,0.0,0.0,0.0,0.0
1,44.0,4.077184839375167,1,1,0,1.0,0.0,0.0,0.0,1.0,0.0,1.0,0.0
0,29.69911764705882,2.1076888046179385,0,0,0,1.0,0.0,0.0,0.0,0.0,0.0,0.0,0.0
0,40.5,2.169053700369523,0,0,0,0.0,1.0,0.0,0.0,0.0,0.0,0.0,0.0
1,50.0,2.4423470353692043,0,1,0,0.0,0.0,0.0,1.0,0.0,0.0,0.0,1.0
0,29.69911764705882,5.406181146423973,0,0,0,0.0,0.0,0.0,0.0,0.0,0.0,1.0,0.0
0,39.0,2.1888563276657025,0,0,0,0.0,0.0,0.0,0.0,0.0,0.0,0.0,0.0
0,23.0,2.525728644308255,3,0,0,0.0,0.0,0.0,0.0,0.0,0.0,0.0,1.0
1,2.0,3.295836866004329,2,1,0,0.0,0.0,0.0,1.0,0.0,0.0,0.0,1.0
0,29.69911764705882,2.1076888046179385,0,0,0,1.0,0.0,0.0,0.0,0.0,0.0,0.0,0.0
0,17.0,2.1076888046179385,2,0,0,1.0,0.0,0.0,0.0,0.0,0.0,0.0,0.0
1,29.69911764705882,3.1509523813392697,2,1,0,1.0,0.0,0.0,0.0,1.0,0.0,0.0,0.0
0,30.0,2.2682524139135403,0,1,0,0.0,0.0,0.0,1.0,0.0,0.0,0.0,0.0
1,7.0,3.305053521109253,2,1,0,0.0,0.0,0.0,1.0,0.0,0.0,0.0,1.0
0,45.0,3.3160025355989236,0,0,0,0.0,0.0,0.0,0.0,0.0,1.0,1.0,0.0
1,30.0,4.676792929661058,0,1,0,1.0,0.0,0.0,1.0,0.0,0.0,1.0,0.0
0,29.69911764705882,2.740840023925201,0,0,0,0.0,0.0,0.0,0.0,0.0,0.0,0.0,0.0
1,22.0,3.921973336281314,2,1,0,1.0,0.0,0.0,1.0,0.0,0.0,1.0,0.0
1,36.0,4.276666119016055,2,1,0,0.0,0.0,0.0,1.0,0.0,0.0,1.0,0.0
0,9.0,3.4742929367327062,6,1,0,0.0,0.0,0.0,1.0,0.0,0.0,0.0,0.0
0,11.0,3.4742929367327062,6,1,0,0.0,0.0,0.0,1.0,0.0,0.0,0.0,0.0
1,32.0,3.295836866004329,1,0,0,0.0,0.0,0.0,0.0,0.0,0.0,0.0,1.0
0,50.0,4.676792929661058,1,0,0,1.0,0.0,0.0,0.0,0.0,0.0,1.0,0.0
0,64.0,3.295836866004329,0,0,0,0.0,0.0,0.0,0.0,0.0,0.0,1.0,0.0
1,19.0,3.295836866004329,1,1,0,0.0,0.0,0.0,0.0,1.0,0.0,0.0,1.0
1,29.69911764705882,2.6988412620169,0,0,0,1.0,0.0,0.0,0.0,0.0,0.0,0.0,1.0
0,33.0,3.0692150503137943,2,0,0,0.0,0.0,0.0,0.0,0.0,0.0,0.0,0.0
1,8.0,3.6309854756950335,2,0,0,0.0,0.0,1.0,0.0,0.0,0.0,0.0,1.0
1,17.0,4.717456363787216,2,0,0,1.0,0.0,0.0,0.0,0.0,0.0,1.0,0.0
0,27.0,3.295836866004329,0,0,0,0.0,0.0,0.0,0.0,0.0,0.0,0.0,1.0
0,29.69911764705882,2.17806441028492,0,0,0,0.0,1.0,0.0,0.0,0.0,0.0,0.0,0.0
1,22.0,2.1071782966514356,0,0,0,1.0,0.0,0.0,0.0,0.0,0.0,0.0,0.0
1,22.0,2.1719067693519296,0,1,0,0.0,0.0,0.0,1.0,0.0,0.0,0.0,0.0
0,62.0,3.3160025355989236,0,0,0,0.0,0.0,0.0,0.0,0.0,0.0,1.0,0.0
1,48.0,3.7037680666076866,1,1,0,1.0,0.0,0.0,0.0,0.0,1.0,1.0,0.0
0,29.69911764705882,5.4316456135398825,0,0,0,1.0,0.0,0.0,0.0,0.0,0.0,1.0,0.0
1,39.0,4.390118804571218,2,1,0,0.0,0.0,0.0,0.0,1.0,0.0,1.0,0.0
1,36.0,2.91235066461494,1,1,0,0.0,0.0,0.0,0.0,1.0,0.0,0.0,0.0
0,29.69911764705882,2.169053700369523,0,0,0,0.0,1.0,0.0,0.0,0.0,0.0,0.0,0.0
0,40.0,2.1855792552411137,0,0,0,0.0,0.0,0.0,0.0,0.0,0.0,0.0,0.0
0,28.0,2.6741486494265287,0,0,0,0.0,0.0,0.0,0.0,0.0,0.0,0.0,1.0
0,29.69911764705882,2.2027647577118348,0,0,0,0.0,0.0,0.0,0.0,0.0,0.0,0.0,0.0
0,29.69911764705882,2.2027647577118348,0,1,0,0.0,0.0,0.0,1.0,0.0,0.0,0.0,0.0
0,24.0,3.224857896545748,2,0,0,0.0,0.0,0.0,0.0,0.0,0.0,0.0,0.0
0,19.0,2.1855792552411137,0,0,0,0.0,0.0,0.0,0.0,0.0,0.0,0.0,0.0
0,29.0,3.0944457464900235,4,1,0,0.0,0.0,0.0,0.0,1.0,0.0,0.0,0.0
0,29.69911764705882,2.1076888046179385,0,0,0,1.0,0.0,0.0,0.0,0.0,0.0,0.0,0.0
1,32.0,2.180891922715322,0,0,0,0.0,0.0,0.0,0.0,0.0,0.0,0.0,0.0
1,62.0,2.4423470353692043,0,0,0,0.0,0.0,0.0,0.0,0.0,0.0,0.0,1.0
1,53.0,3.9604169006172047,2,1,0,0.0,0.0,0.0,0.0,1.0,0.0,1.0,0.0
1,36.0,3.3100867049215847,0,0,0,0.0,0.0,0.0,0.0,0.0,0.0,1.0,0.0
1,29.69911764705882,2.169053700369523,0,1,0,0.0,1.0,0.0,1.0,0.0,0.0,0.0,0.0
0,16.0,2.2027647577118348,0,0,0,0.0,0.0,0.0,0.0,0.0,0.0,0.0,0.0
0,19.0,2.740840023925201,0,0,0,0.0,0.0,0.0,0.0,0.0,0.0,0.0,0.0
1,34.0,2.6390573296152584,0,1,0,0.0,0.0,0.0,1.0,0.0,0.0,0.0,1.0
1,39.0,4.041295341132285,1,1,0,0.0,0.0,0.0,0.0,1.0,0.0,1.0,0.0
0,29.69911764705882,2.738146075922933,1,1,0,1.0,0.0,0.0,0.0,1.0,0.0,0.0,0.0
1,32.0,2.1888563276657025,0,0,0,0.0,0.0,0.0,0.0,0.0,0.0,0.0,0.0
1,25.0,3.4339872044851463,2,1,0,0.0,0.0,0.0,1.0,0.0,0.0,0.0,1.0
1,39.0,4.717456363787216,2,1,0,1.0,0.0,0.0,0.0,1.0,0.0,1.0,0.0
0,54.0,3.295836866004329,0,0,0,0.0,0.0,0.0,0.0,0.0,0.0,0.0,1.0
0,36.0,3.7166162090855357,0,0,0,1.0,0.0,0.0,0.0,0.0,0.0,1.0,0.0
0,29.69911764705882,2.2734137156937657,0,0,0,1.0,0.0,0.0,0.0,0.0,0.0,0.0,0.0
1,18.0,4.390118804571218,2,1,0,0.0,0.0,0.0,1.0,0.0,0.0,1.0,0.0
0,47.0,2.772588722239781,0,0,0,0.0,0.0,0.0,0.0,0.0,0.0,0.0,1.0
1,60.0,4.384523514872469,2,0,0,1.0,0.0,0.0,0.0,0.0,0.0,1.0,0.0
0,22.0,2.2027647577118348,0,0,0,0.0,0.0,0.0,0.0,0.0,0.0,0.0,0.0
0,29.69911764705882,2.2027647577118348,0,0,0,0.0,0.0,0.0,0.0,0.0,0.0,0.0,0.0
0,35.0,2.094945728215801,0,0,0,0.0,0.0,0.0,0.0,0.0,0.0,0.0,0.0
1,52.0,4.37281811610993,1,1,0,1.0,0.0,0.0,0.0,1.0,0.0,1.0,0.0
0,47.0,2.1102132003465894,0,0,0,0.0,0.0,0.0,0.0,0.0,0.0,0.0,0.0
0,29.69911764705882,2.169053700369523,2,1,0,0.0,1.0,0.0,1.0,0.0,0.0,0.0,0.0
0,37.0,3.295836866004329,1,0,0,0.0,0.0,0.0,0.0,0.0,0.0,0.0,1.0
0,36.0,3.224857896545748,2,0,0,0.0,0.0,0.0,0.0,0.0,0.0,0.0,0.0
1,29.69911764705882,3.526360524616161,0,1,0,0.0,0.0,0.0,1.0,0.0,0.0,0.0,1.0
0,49.0,0.0,0,0,0,0.0,0.0,0.0,0.0,0.0,0.0,0.0,0.0
0,29.69911764705882,2.1071782966514356,0,0,0,1.0,0.0,0.0,0.0,0.0,0.0,0.0,0.0
1,49.0,4.0592215752427645,1,0,0,1.0,0.0,0.0,0.0,0.0,1.0,1.0,0.0
1,24.0,3.332204510175204,3,1,0,0.0,0.0,0.0,0.0,1.0,0.0,0.0,1.0
0,29.69911764705882,2.1855792552411137,0,0,0,0.0,0.0,0.0,0.0,0.0,0.0,0.0,0.0
0,29.69911764705882,3.770459441106359,0,0,0,0.0,0.0,0.0,0.0,0.0,0.0,1.0,0.0
0,44.0,2.2027647577118348,0,0,0,0.0,0.0,0.0,0.0,0.0,0.0,0.0,0.0
1,35.0,3.3160025355989236,0,0,0,1.0,0.0,0.0,0.0,0.0,0.0,1.0,0.0
0,36.0,2.806386101823072,1,0,0,0.0,0.0,0.0,0.0,0.0,0.0,0.0,0.0
0,30.0,2.1855792552411137,0,0,0,0.0,0.0,0.0,0.0,0.0,0.0,0.0,0.0
1,27.0,3.449987545831587,0,0,0,0.0,0.0,0.0,0.0,0.0,0.0,1.0,0.0
1,22.0,3.7513658711253766,3,1,0,1.0,0.0,0.0,0.0,1.0,0.0,0.0,1.0
1,40.0,5.039951348430309,0,1,0,0.0,0.0,0.0,1.0,0.0,0.0,1.0,0.0
0,39.0,3.4742929367327062,6,1,0,0.0,0.0,0.0,0.0,1.0,0.0,0.0,0.0
0,29.69911764705882,2.085672091430472,0,0,0,0.0,0.0,0.0,0.0,0.0,0.0,0.0,0.0
1,29.69911764705882,2.803360380906535,1,1,0,0.0,1.0,0.0,1.0,0.0,0.0,0.0,0.0
0,29.69911764705882,2.169053700369523,0,0,0,0.0,1.0,0.0,0.0,0.0,0.0,0.0,0.0
0,35.0,2.2027647577118348,0,0,0,0.0,0.0,0.0,0.0,0.0,0.0,0.0,0.0
1,24.0,4.189654742026425,3,1,0,0.0,0.0,0.0,1.0,0.0,0.0,0.0,1.0
0,34.0,2.7343675094195836,2,0,0,0.0,0.0,0.0,0.0,0.0,0.0,0.0,0.0
0,26.0,2.8390784635086144,1,1,0,0.0,0.0,0.0,0.0,1.0,0.0,0.0,0.0
1,4.0,3.6888794541139363,3,1,0,0.0,0.0,0.0,1.0,0.0,0.0,0.0,1.0
0,26.0,2.4423470353692043,0,0,0,0.0,0.0,0.0,0.0,0.0,0.0,0.0,1.0
0,27.0,2.737880811060884,1,0,0,1.0,0.0,0.0,0.0,0.0,0.0,0.0,0.0
1,42.0,3.9806942251907276,1,0,0,0.0,0.0,0.0,0.0,0.0,0.0,1.0,0.0
1,20.0,2.8179026130712246,2,0,0,1.0,0.0,0.0,0.0,0.0,0.0,0.0,0.0
0,21.0,2.180891922715322,0,0,0,0.0,0.0,0.0,0.0,0.0,0.0,0.0,0.0
0,21.0,2.8390784635086144,0,0,0,0.0,0.0,0.0,0.0,0.0,0.0,0.0,0.0
0,61.0,3.5061818266142573,0,0,0,0.0,0.0,0.0,0.0,0.0,0.0,1.0,0.0
0,57.0,2.5915163848462583,0,0,0,0.0,1.0,0.0,0.0,0.0,1.0,0.0,1.0
1,21.0,4.368919865004903,0,1,0,0.0,0.0,0.0,1.0,0.0,0.0,1.0,0.0
0,26.0,2.1855792552411137,0,0,0,0.0,0.0,0.0,0.0,0.0,0.0,0.0,0.0
0,29.69911764705882,2.167143305297764,0,0,0,0.0,1.0,0.0,0.0,0.0,0.0,0.0,0.0
1,80.0,3.4339872044851463,0,0,0,0.0,0.0,0.0,0.0,0.0,0.0,1.0,0.0
0,51.0,2.086193694502369,0,0,0,0.0,0.0,0.0,0.0,0.0,0.0,0.0,0.0
1,32.0,3.449987545831587,0,0,0,1.0,0.0,0.0,0.0,0.0,1.0,1.0,0.0
0,29.69911764705882,0.0,0,0,0,0.0,0.0,0.0,0.0,0.0,0.0,1.0,0.0
0,9.0,3.3638415951183864,5,1,0,0.0,0.0,0.0,1.0,0.0,0.0,0.0,0.0
1,28.0,2.6390573296152584,0,1,0,0.0,0.0,0.0,1.0,0.0,0.0,0.0,1.0
0,32.0,2.1888563276657025,0,0,0,0.0,0.0,0.0,0.0,0.0,0.0,0.0,0.0
0,31.0,3.305053521109253,2,0,0,0.0,0.0,0.0,0.0,0.0,0.0,0.0,1.0
0,41.0,3.7059209199687877,5,1,0,0.0,0.0,0.0,0.0,1.0,0.0,0.0,0.0
0,29.69911764705882,2.8390784635086144,1,0,0,0.0,0.0,0.0,0.0,0.0,0.0,0.0,0.0
0,20.0,2.180891922715322,0,0,0,0.0,0.0,0.0,0.0,0.0,0.0,0.0,0.0
1,24.0,4.252771798816619,0,1,0,1.0,0.0,0.0,0.0,0.0,1.0,1.0,0.0
0,2.0,3.3638415951183864,5,1,0,0.0,0.0,0.0,1.0,0.0,0.0,0.0,0.0
1,29.69911764705882,4.051711901657239,0,0,0,0.0,0.0,0.0,0.0,0.0,0.0,0.0,0.0
1,0.75,3.0085645861193133,3,1,0,1.0,0.0,0.0,1.0,0.0,0.0,0.0,0.0
1,48.0,4.353230991152628,1,0,0,1.0,0.0,0.0,0.0,0.0,0.0,1.0,0.0
0,19.0,2.1855792552411137,0,0,0,0.0,0.0,0.0,0.0,0.0,0.0,0.0,0.0
1,56.0,3.5973122605884456,0,0,0,1.0,0.0,0.0,0.0,0.0,1.0,1.0,0.0
0,29.69911764705882,2.145931282948669,0,0,0,0.0,0.0,0.0,0.0,0.0,0.0,0.0,0.0
1,23.0,2.145931282948669,0,1,0,0.0,0.0,0.0,1.0,0.0,0.0,0.0,0.0
0,29.69911764705882,2.1855792552411137,0,0,0,0.0,0.0,0.0,0.0,0.0,0.0,0.0,0.0
1,18.0,3.1780538303479453,1,1,0,0.0,0.0,0.0,1.0,0.0,0.0,0.0,1.0
0,21.0,2.2442459824059346,0,0,0,0.0,0.0,0.0,0.0,0.0,0.0,0.0,0.0
1,29.69911764705882,2.17806441028492,0,1,0,0.0,1.0,0.0,1.0,0.0,0.0,0.0,0.0
0,18.0,2.0476928433652555,0,1,0,0.0,1.0,0.0,1.0,0.0,0.0,0.0,0.0
0,24.0,4.310799125385514,2,0,0,0.0,0.0,0.0,0.0,0.0,0.0,0.0,1.0
0,29.69911764705882,2.1855792552411137,0,0,0,0.0,0.0,0.0,0.0,0.0,0.0,0.0,0.0
0,32.0,2.803360380906535,2,1,0,0.0,1.0,0.0,0.0,1.0,0.0,0.0,0.0
0,23.0,2.6390573296152584,0,0,0,0.0,0.0,0.0,0.0,0.0,0.0,0.0,1.0
0,58.0,4.738607824217808,2,0,0,1.0,0.0,0.0,0.0,0.0,0.0,1.0,0.0
1,50.0,4.902678819257607,2,0,0,0.0,0.0,0.0,0.0,0.0,1.0,1.0,0.0
0,40.0,2.1071782966514356,0,0,0,1.0,0.0,0.0,0.0,0.0,0.0,0.0,0.0
0,47.0,3.2804411805263554,0,0,0,0.0,0.0,0.0,0.0,0.0,0.0,1.0,0.0
0,36.0,2.139571923732859,0,0,0,0.0,0.0,0.0,0.0,0.0,0.0,0.0,0.0
1,20.0,2.1888563276657025,1,0,0,0.0,0.0,0.0,0.0,0.0,0.0,0.0,0.0
0,32.0,4.310799125385514,2,0,0,0.0,0.0,0.0,0.0,0.0,0.0,0.0,1.0
0,25.0,2.6390573296152584,0,0,0,0.0,0.0,0.0,0.0,0.0,0.0,0.0,1.0
0,29.69911764705882,2.1719067693519296,0,0,0,0.0,0.0,0.0,0.0,0.0,0.0,0.0,0.0
0,43.0,2.2027647577118348,0,0,0,0.0,0.0,0.0,0.0,0.0,0.0,0.0,0.0
1,29.69911764705882,3.9702919135521215,1,1,0,0.0,0.0,0.0,0.0,1.0,0.0,1.0,0.0
1,40.0,3.6888794541139363,2,1,0,0.0,0.0,0.0,0.0,1.0,0.0,0.0,1.0
0,31.0,3.9702919135521215,1,0,0,0.0,0.0,0.0,0.0,0.0,0.0,1.0,0.0
0,70.0,2.4423470353692043,0,0,0,0.0,0.0,0.0,0.0,0.0,0.0,0.0,1.0
1,31.0,2.6390573296152584,0,0,0,0.0,0.0,0.0,0.0,0.0,0.0,0.0,1.0
0,29.69911764705882,0.0,0,0,0,0.0,0.0,0.0,0.0,0.0,0.0,0.0,1.0
0,18.0,2.1719067693519296,0,0,0,0.0,0.0,0.0,0.0,0.0,0.0,0.0,0.0
0,24.5,2.2027647577118348,0,0,0,0.0,0.0,0.0,0.0,0.0,0.0,0.0,0.0
1,18.0,2.383399810283765,0,1,0,0.0,0.0,0.0,1.0,0.0,0.0,0.0,0.0
0,43.0,3.8691155044168695,7,1,0,0.0,0.0,0.0,0.0,1.0,0.0,0.0,0.0
1,36.0,5.521485797552746,1,0,0,1.0,0.0,0.0,0.0,0.0,0.0,1.0,0.0
0,29.69911764705882,2.212386825075897,0,1,0,0.0,1.0,0.0,1.0,0.0,0.0,0.0,0.0
1,27.0,4.353230991152628,0,0,0,1.0,0.0,0.0,0.0,0.0,0.0,1.0,0.0
0,20.0,2.3248357019288655,0,0,0,0.0,0.0,0.0,0.0,0.0,0.0,0.0,0.0
0,14.0,3.8691155044168695,7,0,0,0.0,0.0,0.0,0.0,0.0,0.0,0.0,0.0
0,60.0,3.6888794541139363,2,0,0,0.0,0.0,0.0,0.0,0.0,0.0,0.0,1.0
0,25.0,3.7513658711253766,3,0,0,1.0,0.0,0.0,0.0,0.0,0.0,0.0,1.0
0,14.0,3.7059209199687877,5,0,0,0.0,0.0,0.0,0.0,0.0,0.0,0.0,0.0
0,19.0,2.4133032309283076,0,0,0,0.0,0.0,0.0,0.0,0.0,0.0,0.0,0.0
0,18.0,2.174274334826008,0,0,0,0.0,0.0,0.0,0.0,0.0,0.0,0.0,0.0
1,15.0,5.358176989945429,1,1,0,0.0,0.0,0.0,1.0,0.0,0.0,1.0,0.0
1,31.0,4.060443010546419,1,0,0,0.0,0.0,0.0,0.0,0.0,0.0,1.0,0.0
1,4.0,2.668387256845834,1,1,0,1.0,0.0,0.0,1.0,0.0,0.0,0.0,0.0
1,29.69911764705882,4.051711901657239,0,0,0,0.0,0.0,0.0,0.0,0.0,0.0,0.0,0.0
0,25.0,2.1071782966514356,0,0,0,1.0,0.0,0.0,0.0,0.0,0.0,0.0,0.0
0,60.0,3.3160025355989236,0,0,0,0.0,0.0,0.0,0.0,0.0,1.0,1.0,0.0
0,52.0,2.6741486494265287,0,0,0,0.0,0.0,0.0,0.0,0.0,0.0,0.0,1.0
0,44.0,2.2027647577118348,0,0,0,0.0,0.0,0.0,0.0,0.0,0.0,0.0,0.0
1,29.69911764705882,2.167143305297764,0,1,0,0.0,1.0,0.0,1.0,0.0,0.0,0.0,0.0
0,49.0,4.717456363787216,2,0,0,1.0,0.0,0.0,0.0,0.0,0.0,1.0,0.0
0,42.0,2.157559320943788,0,0,0,0.0,0.0,0.0,0.0,0.0,0.0,0.0,0.0
1,18.0,5.4316456135398825,1,1,0,1.0,0.0,0.0,0.0,1.0,0.0,1.0,0.0
1,35.0,3.3064287218760624,0,0,0,0.0,0.0,0.0,0.0,0.0,0.0,1.0,0.0
0,18.0,2.737880811060884,1,1,0,1.0,0.0,0.0,1.0,0.0,0.0,0.0,0.0
0,25.0,2.1681046787623672,0,0,0,0.0,1.0,0.0,0.0,0.0,0.0,0.0,0.0
0,26.0,2.180891922715322,1,0,0,0.0,0.0,0.0,0.0,0.0,0.0,0.0,0.0
0,39.0,3.295836866004329,0,0,0,0.0,0.0,0.0,0.0,0.0,0.0,0.0,1.0
1,45.0,2.6741486494265287,0,1,0,0.0,0.0,0.0,0.0,1.0,0.0,0.0,1.0
1,42.0,3.3064287218760624,0,0,0,0.0,0.0,0.0,0.0,0.0,0.0,1.0,0.0
1,22.0,5.027492411162679,0,1,0,0.0,0.0,0.0,1.0,0.0,0.0,1.0,0.0
1,29.69911764705882,2.787834413830345,2,0,0,1.0,0.0,1.0,0.0,0.0,0.0,0.0,0.0
1,24.0,3.9220565011398527,0,1,0,1.0,0.0,0.0,0.0,0.0,1.0,1.0,0.0
0,29.69911764705882,3.3160025355989236,0,0,0,0.0,0.0,0.0,0.0,0.0,0.0,1.0,0.0
1,48.0,3.9702919135521215,1,0,0,0.0,0.0,0.0,0.0,0.0,0.0,1.0,0.0
0,29.0,2.349783514823046,0,0,0,0.0,0.0,0.0,0.0,0.0,0.0,0.0,0.0
0,52.0,2.6390573296152584,0,0,0,0.0,0.0,0.0,0.0,0.0,0.0,0.0,1.0
0,19.0,2.157559320943788,0,0,0,0.0,0.0,0.0,0.0,0.0,0.0,0.0,0.0
1,38.0,5.4316456135398825,0,1,0,1.0,0.0,0.0,1.0,0.0,0.0,1.0,0.0
1,27.0,2.4423470353692043,0,1,0,0.0,0.0,0.0,1.0,0.0,0.0,0.0,1.0
0,29.69911764705882,2.803360380906535,0,0,0,0.0,1.0,0.0,0.0,0.0,0.0,0.0,0.0
0,33.0,2.1719067693519296,0,0,0,0.0,0.0,0.0,0.0,0.0,0.0,0.0,0.0
1,6.0,3.526360524616161,1,1,0,0.0,0.0,0.0,1.0,0.0,0.0,0.0,1.0
0,17.0,2.086193694502369,1,0,0,0.0,0.0,0.0,0.0,0.0,0.0,0.0,0.0
0,34.0,2.6390573296152584,0,0,0,0.0,0.0,0.0,0.0,0.0,0.0,0.0,1.0
0,50.0,2.6390573296152584,0,0,0,0.0,0.0,0.0,0.0,0.0,0.0,0.0,1.0
1,27.0,3.9908341858524357,1,0,0,0.0,0.0,0.0,0.0,0.0,0.0,1.0,0.0
0,20.0,2.2682524139135403,0,0,0,0.0,0.0,0.0,0.0,0.0,0.0,0.0,0.0
1,30.0,3.0910424533583156,3,1,0,0.0,0.0,0.0,0.0,1.0,0.0,0.0,1.0
1,29.69911764705882,2.1676241075599285,0,1,0,0.0,1.0,0.0,1.0,0.0,0.0,0.0,0.0
0,25.0,3.295836866004329,1,0,0,0.0,0.0,0.0,0.0,0.0,0.0,0.0,1.0
0,25.0,2.1888563276657025,1,1,0,0.0,0.0,0.0,1.0,0.0,0.0,0.0,0.0
1,29.0,5.358176989945429,0,1,0,0.0,0.0,0.0,1.0,0.0,0.0,1.0,0.0
0,11.0,2.9850504252071306,0,0,0,1.0,0.0,0.0,0.0,0.0,0.0,0.0,0.0
0,29.69911764705882,0.0,0,0,0,0.0,0.0,0.0,0.0,0.0,0.0,0.0,1.0
0,23.0,2.6390573296152584,0,0,0,0.0,0.0,0.0,0.0,0.0,0.0,0.0,1.0
0,23.0,2.6390573296152584,0,0,0,0.0,0.0,0.0,0.0,0.0,0.0,0.0,1.0
0,28.5,2.8390784635086144,0,0,0,0.0,0.0,0.0,0.0,0.0,0.0,0.0,0.0
0,48.0,3.5660053559634015,4,1,0,0.0,0.0,0.0,0.0,1.0,0.0,0.0,0.0
1,35.0,5.521485797552746,0,0,0,1.0,0.0,0.0,0.0,0.0,0.0,1.0,0.0
0,29.69911764705882,2.1855792552411137,0,0,0,0.0,0.0,0.0,0.0,0.0,0.0,0.0,0.0
0,29.69911764705882,2.1855792552411137,0,0,0,0.0,0.0,0.0,0.0,0.0,0.0,0.0,0.0
1,29.69911764705882,3.4339872044851463,0,0,0,0.0,0.0,0.0,0.0,0.0,0.0,1.0,0.0
0,36.0,4.380149874661021,1,0,0,0.0,0.0,0.0,0.0,0.0,0.0,1.0,0.0
1,21.0,5.521485797552746,4,1,0,1.0,0.0,0.0,1.0,0.0,0.0,1.0,0.0
0,24.0,2.8390784635086144,1,0,0,0.0,0.0,0.0,0.0,0.0,0.0,0.0,0.0
1,31.0,2.1888563276657025,0,0,0,0.0,0.0,0.0,0.0,0.0,0.0,0.0,0.0
0,70.0,4.276666119016055,2,0,0,0.0,0.0,0.0,0.0,0.0,1.0,1.0,0.0
0,16.0,3.056356895370426,2,0,0,0.0,0.0,0.0,0.0,0.0,0.0,0.0,0.0
1,30.0,2.6390573296152584,0,1,0,0.0,0.0,0.0,1.0,0.0,0.0,0.0,1.0
0,19.0,3.9908341858524357,1,0,0,0.0,0.0,0.0,0.0,0.0,0.0,1.0,0.0
0,31.0,2.169053700369523,0,0,0,0.0,1.0,0.0,0.0,0.0,0.0,0.0,0.0
1,4.0,3.1780538303479453,2,1,0,0.0,0.0,0.0,1.0,0.0,0.0,0.0,1.0
1,6.0,2.600836116795061,1,0,0,0.0,0.0,1.0,0.0,0.0,0.0,0.0,0.0
0,33.0,2.3513752571634776,0,0,0,0.0,0.0,0.0,0.0,0.0,0.0,0.0,0.0
0,23.0,2.1855792552411137,0,0,0,0.0,0.0,0.0,0.0,0.0,0.0,0.0,0.0
1,48.0,4.189654742026425,3,1,0,0.0,0.0,0.0,0.0,1.0,0.0,0.0,1.0
1,0.67,2.740840023925201,2,0,0,0.0,0.0,1.0,0.0,0.0,0.0,0.0,1.0
0,28.0,2.174274334826008,0,0,0,0.0,0.0,0.0,0.0,0.0,0.0,0.0,0.0
0,18.0,2.525728644308255,0,0,0,0.0,0.0,0.0,0.0,0.0,0.0,0.0,1.0
0,34.0,2.2027647577118348,0,0,0,0.0,0.0,0.0,0.0,0.0,0.0,0.0,0.0
1,33.0,4.471638793363568,0,1,0,0.0,0.0,0.0,0.0,0.0,1.0,1.0,0.0
0,29.69911764705882,2.740840023925201,0,0,0,0.0,0.0,0.0,0.0,0.0,0.0,0.0,0.0
0,41.0,2.094945728215801,0,0,0,0.0,0.0,0.0,0.0,0.0,0.0,0.0,0.0
1,20.0,2.1076888046179385,0,0,0,1.0,0.0,0.0,0.0,0.0,0.0,0.0,0.0
1,36.0,4.795790545596741,3,1,0,0.0,0.0,0.0,0.0,1.0,0.0,1.0,0.0
0,16.0,2.1719067693519296,0,0,0,0.0,0.0,0.0,0.0,0.0,0.0,0.0,0.0
1,51.0,4.368919865004903,1,1,0,0.0,0.0,0.0,0.0,1.0,0.0,1.0,0.0
0,29.69911764705882,3.7037680666076866,0,0,0,1.0,0.0,0.0,0.0,0.0,1.0,1.0,0.0
0,30.5,2.169053700369523,0,1,0,0.0,1.0,0.0,1.0,0.0,0.0,0.0,0.0
0,29.69911764705882,3.224857896545748,1,0,0,0.0,1.0,0.0,0.0,0.0,0.0,0.0,0.0
0,32.0,2.236712348843338,0,0,0,0.0,0.0,0.0,0.0,0.0,0.0,0.0,0.0
0,24.0,2.3513752571634776,0,0,0,0.0,0.0,0.0,0.0,0.0,0.0,0.0,0.0
0,48.0,2.180891922715322,0,0,0,0.0,0.0,0.0,0.0,0.0,0.0,0.0,0.0
0,57.0,2.4423470353692043,0,1,0,0.0,0.0,0.0,0.0,1.0,0.0,0.0,1.0
0,29.69911764705882,2.1071782966514356,0,0,0,1.0,0.0,0.0,0.0,0.0,0.0,0.0,0.0
1,54.0,3.1780538303479453,4,1,0,0.0,0.0,0.0,0.0,1.0,0.0,0.0,1.0
0,18.0,2.169053700369523,0,0,0,0.0,0.0,0.0,0.0,0.0,0.0,0.0,0.0
0,29.69911764705882,2.169053700369523,0,0,0,0.0,1.0,0.0,0.0,0.0,0.0,0.0,0.0
1,5.0,2.600836116795061,0,1,0,0.0,0.0,0.0,1.0,0.0,0.0,0.0,0.0
0,29.69911764705882,2.1676241075599285,0,0,0,0.0,1.0,0.0,0.0,0.0,0.0,0.0,0.0
1,43.0,5.358176989945429,1,1,0,0.0,0.0,0.0,0.0,1.0,0.0,1.0,0.0
1,13.0,2.1076888046179385,0,1,0,1.0,0.0,0.0,1.0,0.0,0.0,0.0,0.0
1,17.0,4.060443010546419,1,1,0,0.0,0.0,0.0,0.0,1.0,0.0,1.0,0.0
0,29.0,3.4339872044851463,0,0,0,0.0,0.0,0.0,0.0,0.0,0.0,1.0,0.0
0,29.69911764705882,3.196630215920881,3,0,0,0.0,0.0,0.0,0.0,0.0,0.0,0.0,0.0
0,25.0,2.085672091430472,0,0,0,0.0,0.0,0.0,0.0,0.0,0.0,0.0,0.0
0,25.0,2.1102132003465894,0,0,0,0.0,0.0,0.0,0.0,0.0,0.0,0.0,0.0
1,18.0,2.139571923732859,0,1,0,0.0,0.0,0.0,1.0,0.0,0.0,0.0,0.0
0,8.0,3.405355391810819,5,0,0,0.0,1.0,1.0,0.0,0.0,0.0,0.0,0.0
1,1.0,3.0715352369694915,3,0,0,0.0,0.0,1.0,0.0,0.0,0.0,0.0,0.0
0,46.0,4.384523514872469,0,0,0,1.0,0.0,0.0,0.0,0.0,0.0,1.0,0.0
0,29.69911764705882,2.169053700369523,0,0,0,0.0,1.0,0.0,0.0,0.0,0.0,0.0,0.0
0,16.0,3.295836866004329,0,0,0,0.0,0.0,0.0,0.0,0.0,0.0,0.0,1.0
0,29.69911764705882,4.256321678298823,10,1,0,0.0,0.0,0.0,1.0,0.0,0.0,0.0,0.0
0,29.69911764705882,3.4561841799918147,0,0,0,1.0,0.0,0.0,0.0,0.0,0.0,1.0,0.0
0,25.0,2.1855792552411137,0,0,0,0.0,0.0,0.0,0.0,0.0,0.0,0.0,0.0
0,39.0,2.6390573296152584,0,0,0,0.0,0.0,0.0,0.0,0.0,0.0,0.0,1.0
1,49.0,3.293211199735394,0,1,0,0.0,0.0,0.0,0.0,0.0,1.0,1.0,0.0
1,31.0,2.270402752283094,0,1,0,0.0,0.0,0.0,0.0,1.0,0.0,0.0,0.0
0,30.0,2.1076888046179385,0,0,0,1.0,0.0,0.0,0.0,0.0,0.0,0.0,0.0
0,30.0,3.224857896545748,2,1,0,0.0,0.0,0.0,0.0,1.0,0.0,0.0,0.0
0,34.0,2.6390573296152584,0,0,0,0.0,0.0,0.0,0.0,0.0,0.0,0.0,1.0
1,31.0,3.305053521109253,2,1,0,0.0,0.0,0.0,0.0,1.0,0.0,0.0,1.0
1,11.0,4.795790545596741,3,0,1,0.0,0.0,1.0,0.0,0.0,0.0,1.0,0.0
1,0.42,2.2530481500547457,1,0,0,1.0,0.0,1.0,0.0,0.0,0.0,0.0,0.0
1,27.0,2.076311648670908,0,0,0,0.0,0.0,0.0,0.0,0.0,0.0,0.0,0.0
0,31.0,2.1719067693519296,0,0,0,0.0,0.0,0.0,0.0,0.0,0.0,0.0,0.0
0,39.0,0.0,0,0,0,0.0,0.0,0.0,0.0,0.0,0.0,1.0,0.0
0,18.0,2.1719067693519296,0,1,0,0.0,0.0,0.0,1.0,0.0,0.0,0.0,0.0
0,39.0,2.6390573296152584,0,0,0,0.0,0.0,0.0,0.0,0.0,0.0,0.0,1.0
1,33.0,3.9908341858524357,1,1,0,0.0,0.0,0.0,0.0,1.0,0.0,1.0,0.0
0,26.0,2.1846457951293594,0,0,0,0.0,0.0,0.0,0.0,0.0,0.0,0.0,0.0
0,39.0,3.224857896545748,0,0,0,0.0,0.0,0.0,0.0,0.0,0.0,0.0,0.0
0,35.0,2.4423470353692043,0,0,0,0.0,0.0,0.0,0.0,0.0,0.0,0.0,1.0
0,6.0,3.4742929367327062,6,1,0,0.0,0.0,0.0,1.0,0.0,0.0,0.0,0.0
0,30.5,2.2027647577118348,0,0,0,0.0,0.0,0.0,0.0,0.0,0.0,0.0,0.0
0,29.69911764705882,0.0,0,0,0,0.0,0.0,0.0,0.0,0.0,0.0,1.0,0.0
0,23.0,2.1888563276657025,0,1,0,0.0,0.0,0.0,1.0,0.0,0.0,0.0,0.0
0,31.0,3.637696679934592,2,0,0,1.0,0.0,0.0,0.0,0.0,0.0,0.0,1.0
0,43.0,2.008214032391468,0,0,0,0.0,0.0,0.0,0.0,0.0,0.0,0.0,0.0
0,10.0,3.3638415951183864,5,0,0,0.0,0.0,1.0,0.0,0.0,0.0,0.0,0.0
1,52.0,4.548599834499697,2,1,0,0.0,0.0,0.0,0.0,1.0,0.0,1.0,0.0
1,27.0,2.2682524139135403,0,0,0,0.0,0.0,0.0,0.0,0.0,0.0,0.0,0.0
0,38.0,0.0,0,0,0,0.0,0.0,0.0,0.0,0.0,1.0,1.0,0.0
1,27.0,2.600836116795061,1,1,0,0.0,0.0,0.0,0.0,1.0,0.0,0.0,0.0
0,2.0,3.7059209199687877,5,0,0,0.0,0.0,1.0,0.0,0.0,0.0,0.0,0.0
0,29.69911764705882,2.0731719286662407,0,0,0,0.0,1.0,0.0,0.0,0.0,0.0,0.0,0.0
0,29.69911764705882,4.051711901657239,0,0,0,0.0,0.0,0.0,0.0,0.0,0.0,0.0,0.0
1,1.0,3.637696679934592,2,0,0,1.0,0.0,1.0,0.0,0.0,0.0,0.0,1.0
1,29.69911764705882,2.169053700369523,0,0,0,0.0,1.0,0.0,0.0,0.0,0.0,0.0,0.0
1,62.0,4.394449154672438,0,1,0,0.0,0.0,0.0,0.0,1.0,0.0,1.0,0.0
1,15.0,2.737880811060884,1,1,0,1.0,0.0,0.0,0.0,1.0,0.0,0.0,0.0
1,0.83,2.9831534913471307,2,0,0,0.0,0.0,1.0,0.0,0.0,0.0,0.0,1.0
0,29.69911764705882,2.1076888046179385,0,0,0,1.0,0.0,0.0,0.0,0.0,0.0,0.0,0.0
0,23.0,2.180891922715322,0,0,0,0.0,0.0,0.0,0.0,0.0,0.0,0.0,0.0
0,18.0,2.2300144001592104,0,0,0,0.0,0.0,0.0,0.0,0.0,0.0,0.0,0.0
1,39.0,4.432699549165613,2,1,0,1.0,0.0,0.0,1.0,0.0,0.0,1.0,0.0
0,21.0,2.2682524139135403,0,0,0,0.0,0.0,0.0,0.0,0.0,0.0,0.0,0.0
0,29.69911764705882,2.2027647577118348,0,0,0,0.0,0.0,0.0,0.0,0.0,0.0,0.0,0.0
1,32.0,4.051711901657239,0,0,0,0.0,0.0,0.0,0.0,0.0,0.0,0.0,0.0
1,29.69911764705882,3.4242626545931514,0,0,0,1.0,0.0,0.0,0.0,0.0,0.0,1.0,0.0
0,20.0,2.1888563276657025,0,0,0,0.0,0.0,0.0,0.0,0.0,0.0,0.0,0.0
0,16.0,2.4423470353692043,0,0,0,0.0,0.0,0.0,0.0,0.0,0.0,0.0,1.0
1,30.0,3.4657359027997265,0,1,0,1.0,0.0,0.0,1.0,0.0,0.0,1.0,0.0
0,34.5,2.006534770871748,0,0,0,1.0,0.0,0.0,0.0,0.0,0.0,0.0,0.0
0,17.0,2.2682524139135403,0,0,0,0.0,0.0,0.0,0.0,0.0,0.0,0.0,0.0
0,42.0,2.145931282948669,0,0,0,0.0,0.0,0.0,0.0,0.0,0.0,0.0,0.0
0,29.69911764705882,4.256321678298823,10,0,0,0.0,0.0,0.0,0.0,0.0,0.0,0.0,0.0
0,35.0,2.1855792552411137,0,0,0,1.0,0.0,0.0,0.0,0.0,0.0,0.0,0.0
0,28.0,3.526360524616161,1,0,0,0.0,0.0,0.0,0.0,0.0,1.0,0.0,1.0
1,29.69911764705882,4.500966778400217,1,1,0,1.0,0.0,0.0,0.0,1.0,0.0,1.0,0.0
0,4.0,3.4742929367327062,6,0,0,0.0,0.0,1.0,0.0,0.0,0.0,0.0,0.0
0,74.0,2.1719067693519296,0,0,0,0.0,0.0,0.0,0.0,0.0,0.0,0.0,0.0
0,9.0,2.787834413830345,2,1,0,1.0,0.0,0.0,1.0,0.0,0.0,0.0,0.0
1,16.0,3.698829784967104,1,1,0,0.0,0.0,0.0,1.0,0.0,0.0,1.0,0.0
0,44.0,3.295836866004329,1,1,0,0.0,0.0,0.0,0.0,1.0,0.0,0.0,1.0
1,18.0,2.336986519711378,1,1,0,0.0,0.0,0.0,0.0,1.0,0.0,0.0,0.0
1,45.0,5.11118445372147,2,1,0,0.0,0.0,0.0,0.0,1.0,0.0,1.0,0.0
1,51.0,3.3160025355989236,0,0,0,0.0,0.0,0.0,0.0,0.0,0.0,1.0,0.0
1,24.0,3.0085645861193133,3,1,0,1.0,0.0,0.0,0.0,1.0,0.0,0.0,0.0
0,29.69911764705882,2.1076888046179385,0,0,0,1.0,0.0,0.0,0.0,0.0,0.0,0.0,0.0
0,41.0,2.7152442616824506,2,0,0,0.0,0.0,0.0,0.0,0.0,0.0,0.0,0.0
0,21.0,2.525728644308255,1,0,0,0.0,0.0,0.0,0.0,0.0,0.0,0.0,1.0
1,48.0,3.293211199735394,0,1,0,0.0,0.0,0.0,0.0,1.0,0.0,1.0,0.0
0,29.69911764705882,4.256321678298823,10,1,0,0.0,0.0,0.0,1.0,0.0,0.0,0.0,0.0
0,24.0,2.6390573296152584,0,0,0,0.0,0.0,0.0,0.0,0.0,0.0,0.0,1.0
1,42.0,2.6390573296152584,0,1,0,0.0,0.0,0.0,0.0,1.0,0.0,0.0,1.0
1,27.0,2.6985586316685946,1,1,0,1.0,0.0,0.0,1.0,0.0,0.0,0.0,1.0
0,31.0,3.941500250945973,0,0,0,0.0,0.0,0.0,0.0,0.0,0.0,1.0,0.0
0,29.69911764705882,2.3513752571634776,0,0,0,0.0,0.0,0.0,0.0,0.0,0.0,0.0,0.0
1,4.0,2.495953738718064,2,0,0,0.0,0.0,1.0,0.0,0.0,0.0,0.0,0.0
0,26.0,2.1855792552411137,0,0,0,0.0,0.0,0.0,0.0,0.0,0.0,0.0,0.0
1,47.0,3.9806942251907276,2,1,0,0.0,0.0,0.0,0.0,1.0,0.0,1.0,0.0
0,33.0,1.791759469228055,0,0,0,0.0,0.0,0.0,0.0,0.0,0.0,1.0,0.0
0,47.0,2.3025850929940455,0,0,0,0.0,0.0,0.0,0.0,0.0,0.0,0.0,0.0
1,28.0,3.2188758248682006,1,1,0,1.0,0.0,0.0,0.0,1.0,0.0,0.0,1.0
1,15.0,2.1071782966514356,0,1,0,1.0,0.0,0.0,1.0,0.0,0.0,0.0,0.0
0,20.0,2.3837779082709782,0,0,0,0.0,0.0,0.0,0.0,0.0,0.0,0.0,0.0
0,19.0,2.1855792552411137,0,0,0,0.0,0.0,0.0,0.0,0.0,0.0,0.0,0.0
0,29.69911764705882,2.1855792552411137,0,0,0,0.0,0.0,0.0,0.0,0.0,0.0,0.0,0.0
1,56.0,4.432699549165613,1,1,0,1.0,0.0,0.0,0.0,1.0,0.0,1.0,0.0
1,25.0,3.295836866004329,1,1,0,0.0,0.0,0.0,0.0,1.0,0.0,0.0,1.0
0,33.0,2.1855792552411137,0,0,0,0.0,0.0,0.0,0.0,0.0,0.0,0.0,0.0
0,22.0,2.4437981558973862,0,1,0,0.0,0.0,0.0,1.0,0.0,0.0,0.0,0.0
0,28.0,2.4423470353692043,0,0,0,0.0,0.0,0.0,0.0,0.0,0.0,0.0,1.0
0,25.0,2.085672091430472,0,0,0,0.0,0.0,0.0,0.0,0.0,0.0,0.0,0.0
0,39.0,3.405355391810819,5,1,0,0.0,1.0,0.0,0.0,1.0,0.0,0.0,0.0
0,27.0,2.6390573296152584,0,0,0,0.0,0.0,0.0,0.0,0.0,1.0,0.0,1.0
1,19.0,3.4339872044851463,0,1,0,0.0,0.0,0.0,1.0,0.0,0.0,1.0,0.0
0,29.69911764705882,3.196630215920881,3,1,0,0.0,0.0,0.0,1.0,0.0,0.0,0.0,0.0
1,26.0,3.4339872044851463,0,0,0,1.0,0.0,0.0,0.0,0.0,0.0,1.0,0.0
0,32.0,2.169053700369523,0,0,0,0.0,1.0,0.0,0.0,0.0,0.0,0.0,0.0
